ilce,mahalle,mahalle_turu
AHIRLI,AKKISE,MAHALLE
AHIRLI,ÇUKURBUCAK,MAHALLE
AHIRLI,HAMZALAR,MAHALLE
AHIRLI,HENGEME,MAHALLE
AHIRLI,MERKEZ,MAHALLE
AHIRLI,ALIÇERÇI,KIRSAL MAHALLE                   
AHIRLI,BADEMLI,KIRSAL MAHALLE                   
AHIRLI,BALIKLAVA,KIRSAL MAHALLE                   
AHIRLI,BÜYÜKÖZ,KIRSAL MAHALLE                   
AHIRLI,ÇIFTLIK,KIRSAL MAHALLE                   
AHIRLI,ERDOĞAN,KIRSAL MAHALLE                   
AHIRLI,KARACAKUYU,KIRSAL MAHALLE                   
AHIRLI,KAYACIK,KIRSAL MAHALLE                   
AHIRLI,KURUÇAY,KIRSAL MAHALLE                   
AHIRLI,KÜÇÜKÖZ,KIRSAL MAHALLE                   
AKÖREN,AĞALAR,MAHALLE
AKÖREN,AVDAN,MAHALLE
AKÖREN,HACILAR,MAHALLE
AKÖREN,KAYASU,MAHALLE
AKÖREN,TÜLCE,MAHALLE
AKÖREN,YENI,MAHALLE
AKÖREN,AHMEDIYE,KIRSAL MAHALLE                   
AKÖREN,ALANKÖY,KIRSAL MAHALLE                   
AKÖREN,BELKUYU,KIRSAL MAHALLE                   
AKÖREN,ÇATÖREN,KIRSAL MAHALLE                   
AKÖREN,DUTLU,KIRSAL MAHALLE                   
AKÖREN,KARAHÜYÜK,KIRSAL MAHALLE                   
AKÖREN,ORHANIYE,KIRSAL MAHALLE                   
AKÖREN,SÜLEYMANIYE,KIRSAL MAHALLE                   
AKŞEHIR,ADSIZ,MAHALLE
AKŞEHIR,AHICELAL,MAHALLE
AKŞEHIR,ALTUNKALEM,MAHALLE
AKŞEHIR,ALTUNTAŞ,MAHALLE
AKŞEHIR,ANIT,MAHALLE
AKŞEHIR,ATAKENT,MAHALLE
AKŞEHIR,ÇAKILLAR,MAHALLE
AKŞEHIR,ÇAY,MAHALLE
AKŞEHIR,ÇIMENLI,MAHALLE
AKŞEHIR,DOĞRUGÖZ,MAHALLE
AKŞEHIR,ENGILI,MAHALLE
AKŞEHIR,ESKIKALE,MAHALLE
AKŞEHIR,GAZI,MAHALLE
AKŞEHIR,GÖLÇAYIR,MAHALLE
AKŞEHIR,ISTASYON,MAHALLE
AKŞEHIR,KARAHÜYÜK,MAHALLE
AKŞEHIR,KIZILCA,MAHALLE
AKŞEHIR,KILECI,MAHALLE
AKŞEHIR,KOZAĞAÇ,MAHALLE
AKŞEHIR,KURUÇAY,MAHALLE
AKŞEHIR,KUŞÇU,MAHALLE
AKŞEHIR,MEYDAN,MAHALLE
AKŞEHIR,NASREDDIN HOCA,MAHALLE
AKŞEHIR,ORTAKÖY,MAHALLE
AKŞEHIR,REIS,MAHALLE
AKŞEHIR,SELÇUK,MAHALLE
AKŞEHIR,SEYRAN,MAHALLE
AKŞEHIR,TIPI,MAHALLE
AKŞEHIR,YARENLER,MAHALLE
AKŞEHIR,YAZLA,MAHALLE
AKŞEHIR,YENI,MAHALLE
AKŞEHIR,YILDIRIM BAYEZID,MAHALLE
AKŞEHIR,ALANYURT,KIRSAL MAHALLE                   
AKŞEHIR,BOZLAĞAN,KIRSAL MAHALLE                   
AKŞEHIR,CANKURTARAN,KIRSAL MAHALLE                   
AKŞEHIR,ÇAMLI,KIRSAL MAHALLE                   
AKŞEHIR,ÇIMENDERE,KIRSAL MAHALLE                   
AKŞEHIR,DEĞIRMENKÖY,KIRSAL MAHALLE                   
AKŞEHIR,GEDIL,KIRSAL MAHALLE                   
AKŞEHIR,GÖZPINARI,KIRSAL MAHALLE                   
AKŞEHIR,ILICAK,KIRSAL MAHALLE                   
AKŞEHIR,KARABULUT,KIRSAL MAHALLE                   
AKŞEHIR,ORTACA,KIRSAL MAHALLE                   
AKŞEHIR,SARAY,KIRSAL MAHALLE                   
AKŞEHIR,SAVAŞ,KIRSAL MAHALLE                   
AKŞEHIR,SORKUN,KIRSAL MAHALLE                   
AKŞEHIR,SÖĞÜTLÜ,KIRSAL MAHALLE                   
AKŞEHIR,TEKKEKÖY,KIRSAL MAHALLE                   
AKŞEHIR,TIPIKÖY,KIRSAL MAHALLE                   
AKŞEHIR,ULUPINAR,KIRSAL MAHALLE                   
AKŞEHIR,ÜÇHÜYÜK,KIRSAL MAHALLE                   
AKŞEHIR,YAŞARLAR,KIRSAL MAHALLE                   
AKŞEHIR,YAYLABELEN,KIRSAL MAHALLE                   
AKŞEHIR,YENIKÖY,KIRSAL MAHALLE                   
AKŞEHIR,YEŞILKÖY,KIRSAL MAHALLE                   
ALTINEKIN,AKINCILAR,MAHALLE
ALTINEKIN,DEDELER,MAHALLE
ALTINEKIN,KALE,MAHALLE
ALTINEKIN,OĞUZELI,MAHALLE
ALTINEKIN,ÖLMEZ,MAHALLE
ALTINEKIN,YENICE,MAHALLE
ALTINEKIN,AKÇAŞAR,KIRSAL MAHALLE                   
ALTINEKIN,AKKÖY,KIRSAL MAHALLE                   
ALTINEKIN,AYIŞIĞI,KIRSAL MAHALLE                   
ALTINEKIN,BORUKKUYU,KIRSAL MAHALLE                   
ALTINEKIN,HACINUMAN,KIRSAL MAHALLE                   
ALTINEKIN,KARAKAYA,KIRSAL MAHALLE                   
ALTINEKIN,KOÇAŞ,KIRSAL MAHALLE                   
ALTINEKIN,KOÇYAKA,KIRSAL MAHALLE                   
ALTINEKIN,MANTAR,KIRSAL MAHALLE                   
ALTINEKIN,SARNIÇ,KIRSAL MAHALLE                   
ALTINEKIN,TOPRAKLIK,KIRSAL MAHALLE                   
ALTINEKIN,YENI ÖLMEZ,KIRSAL MAHALLE                   
ALTINEKIN,YENIKUYU,KIRSAL MAHALLE                   
ALTINEKIN,YENIYAYLA,KIRSAL MAHALLE                   
BEYŞEHIR,ADAKÖY,MAHALLE
BEYŞEHIR,AKÇABELEN,MAHALLE
BEYŞEHIR,AVŞAR,MAHALLE
BEYŞEHIR,BAHÇELIEVLER,MAHALLE
BEYŞEHIR,BAYAVŞAR,MAHALLE
BEYŞEHIR,BEYTEPE,MAHALLE
BEYŞEHIR,DALYAN,MAHALLE
BEYŞEHIR,DOĞANBEY,MAHALLE
BEYŞEHIR,EMEN,MAHALLE
BEYŞEHIR,ESENCE,MAHALLE
BEYŞEHIR,ESENTEPE,MAHALLE
BEYŞEHIR,EVSAT,MAHALLE
BEYŞEHIR,GÖKÇIMEN,MAHALLE
BEYŞEHIR,GÖLYAKA,MAHALLE
BEYŞEHIR,HACIAKIF,MAHALLE
BEYŞEHIR,HACIARMAĞAN,MAHALLE
BEYŞEHIR,HAMIDIYE,MAHALLE
BEYŞEHIR,HUĞLU,MAHALLE
BEYŞEHIR,IÇERIŞEHIR,MAHALLE
BEYŞEHIR,KARAALI,MAHALLE
BEYŞEHIR,KAYABAŞI,MAHALLE
BEYŞEHIR,KURUCUOVA,MAHALLE
BEYŞEHIR,MÜFTÜ,MAHALLE
BEYŞEHIR,SADIKHACI,MAHALLE
BEYŞEHIR,SEVINDIK,MAHALLE
BEYŞEHIR,ÜSTÜNLER,MAHALLE
BEYŞEHIR,ÜZÜMLÜ,MAHALLE
BEYŞEHIR,YENI,MAHALLE
BEYŞEHIR,YENIDOĞAN,MAHALLE
BEYŞEHIR,YEŞILDAĞ,MAHALLE
BEYŞEHIR,AĞILÖNÜ,KIRSAL MAHALLE                   
BEYŞEHIR,AKBURUN,KIRSAL MAHALLE                   
BEYŞEHIR,AVDANCIK,KIRSAL MAHALLE                   
BEYŞEHIR,BADEMLI,KIRSAL MAHALLE                   
BEYŞEHIR,BAŞGÖZE,KIRSAL MAHALLE                   
BEYŞEHIR,BAYAT,KIRSAL MAHALLE                   
BEYŞEHIR,BAYINDIR,KIRSAL MAHALLE                   
BEYŞEHIR,BEKDEMIR,KIRSAL MAHALLE                   
BEYŞEHIR,ÇIÇEKLER,KIRSAL MAHALLE                   
BEYŞEHIR,ÇIFTLIK,KIRSAL MAHALLE                   
BEYŞEHIR,ÇIVRIL,KIRSAL MAHALLE                   
BEYŞEHIR,ÇUKURAĞIL,KIRSAL MAHALLE                   
BEYŞEHIR,DAMLAPINAR,KIRSAL MAHALLE                   
BEYŞEHIR,DOĞANCIK,KIRSAL MAHALLE                   
BEYŞEHIR,DUMANLI,KIRSAL MAHALLE                   
BEYŞEHIR,EĞIRLER,KIRSAL MAHALLE                   
BEYŞEHIR,EYLIKLER,KIRSAL MAHALLE                   
BEYŞEHIR,FASILLAR,KIRSAL MAHALLE                   
BEYŞEHIR,GÖÇÜ,KIRSAL MAHALLE                   
BEYŞEHIR,GÖKÇEKUYU,KIRSAL MAHALLE                   
BEYŞEHIR,GÖLKAŞI,KIRSAL MAHALLE                   
BEYŞEHIR,GÖNEN,KIRSAL MAHALLE                   
BEYŞEHIR,GÜNDOĞDU,KIRSAL MAHALLE                   
BEYŞEHIR,HÜSEYINLER,KIRSAL MAHALLE                   
BEYŞEHIR,ISAKÖY,KIRSAL MAHALLE                   
BEYŞEHIR,KARABAYAT,KIRSAL MAHALLE                   
BEYŞEHIR,KARADIKEN,KIRSAL MAHALLE                   
BEYŞEHIR,KARAHISAR,KIRSAL MAHALLE                   
BEYŞEHIR,KUŞLUCA,KIRSAL MAHALLE                   
BEYŞEHIR,KÜÇÜKAVŞAR,KIRSAL MAHALLE                   
BEYŞEHIR,MESUTLAR,KIRSAL MAHALLE                   
BEYŞEHIR,SARIKÖY,KIRSAL MAHALLE                   
BEYŞEHIR,ŞAMLAR,KIRSAL MAHALLE                   
BEYŞEHIR,ÜÇPINAR,KIRSAL MAHALLE                   
BEYŞEHIR,YAZYURDU,KIRSAL MAHALLE                   
BEYŞEHIR,YUKARIESENCE,KIRSAL MAHALLE                   
BEYŞEHIR,YUNUSLAR,KIRSAL MAHALLE                   
BOZKIR,CUMHURIYET,MAHALLE
BOZKIR,ÇAĞLAYAN,MAHALLE
BOZKIR,DEMIRASAF,MAHALLE
BOZKIR,DEREIÇI,MAHALLE
BOZKIR,DEREKÖY,MAHALLE
BOZKIR,HAMZALAR,MAHALLE
BOZKIR,HARMANPINAR,MAHALLE
BOZKIR,HISARLIK,MAHALLE
BOZKIR,KUZÖREN,MAHALLE
BOZKIR,SARIOĞLAN,MAHALLE
BOZKIR,SORKUN,MAHALLE
BOZKIR,SÖĞÜT,MAHALLE
BOZKIR,ÜÇPINAR,MAHALLE
BOZKIR,YUKARI,MAHALLE
BOZKIR,AKÇAPINAR,KIRSAL MAHALLE                   
BOZKIR,ARMUTLU,KIRSAL MAHALLE                   
BOZKIR,ARSLANTAŞ,KIRSAL MAHALLE                   
BOZKIR,AYDINKIŞLA,KIRSAL MAHALLE                   
BOZKIR,AYVALCA,KIRSAL MAHALLE                   
BOZKIR,BAĞYURDU,KIRSAL MAHALLE                   
BOZKIR,BAYBAĞAN,KIRSAL MAHALLE                   
BOZKIR,BOZDAM,KIRSAL MAHALLE                   
BOZKIR,ELMAAĞAÇ,KIRSAL MAHALLE                   
BOZKIR,HACILAR,KIRSAL MAHALLE                   
BOZKIR,HACIYUNUSLAR,KIRSAL MAHALLE                   
BOZKIR,IŞIKLAR,KIRSAL MAHALLE                   
BOZKIR,KARABAYIR,KIRSAL MAHALLE                   
BOZKIR,KARACAARDIÇ,KIRSAL MAHALLE                   
BOZKIR,KARACAHISAR,KIRSAL MAHALLE                   
BOZKIR,KARAYAHYA,KIRSAL MAHALLE                   
BOZKIR,KAYACILAR,KIRSAL MAHALLE                   
BOZKIR,KAYAPINAR,KIRSAL MAHALLE                   
BOZKIR,KINIK,KIRSAL MAHALLE                   
BOZKIR,KIZILÇAKIR,KIRSAL MAHALLE                   
BOZKIR,KILDERE,KIRSAL MAHALLE                   
BOZKIR,KOVANLIK,KIRSAL MAHALLE                   
BOZKIR,KOZAĞAÇ,KIRSAL MAHALLE                   
BOZKIR,KUŞCA,KIRSAL MAHALLE                   
BOZKIR,KÜÇÜKHISARLIK,KIRSAL MAHALLE                   
BOZKIR,PINARCIK,KIRSAL MAHALLE                   
BOZKIR,SAZLI,KIRSAL MAHALLE                   
BOZKIR,SOĞUCAK,KIRSAL MAHALLE                   
BOZKIR,TARLABAŞI,KIRSAL MAHALLE                   
BOZKIR,TAŞBAŞI,KIRSAL MAHALLE                   
BOZKIR,TEPEARASI,KIRSAL MAHALLE                   
BOZKIR,TEPELICE,KIRSAL MAHALLE                   
BOZKIR,ULUPINAR,KIRSAL MAHALLE                   
BOZKIR,YALNIZCA,KIRSAL MAHALLE                   
BOZKIR,YAZDAMI,KIRSAL MAHALLE                   
BOZKIR,YELBEĞI,KIRSAL MAHALLE                   
BOZKIR,YENIKÖY,KIRSAL MAHALLE                   
BOZKIR,YOLÖREN,KIRSAL MAHALLE                   
CIHANBEYLI,AHIRIGÜZEL,MAHALLE
CIHANBEYLI,ATÇEKEN,MAHALLE
CIHANBEYLI,BAHÇELIEVLER,MAHALLE
CIHANBEYLI,BULDUK,MAHALLE
CIHANBEYLI,BÜYÜKBEŞKAVAK,MAHALLE
CIHANBEYLI,CUMHURIYET,MAHALLE
CIHANBEYLI,GEMECIK,MAHALLE
CIHANBEYLI,GÖKTEPE,MAHALLE
CIHANBEYLI,GÖLYAZI,MAHALLE
CIHANBEYLI,GÜNYÜZÜ,MAHALLE
CIHANBEYLI,INSUYU,MAHALLE
CIHANBEYLI,KALE,MAHALLE
CIHANBEYLI,KANDIL,MAHALLE
CIHANBEYLI,KARABAĞ,MAHALLE
CIHANBEYLI,KARATEPE,MAHALLE
CIHANBEYLI,KARŞIYAKA,MAHALLE
CIHANBEYLI,KELHASAN,MAHALLE
CIHANBEYLI,KOCATEPE,MAHALLE
CIHANBEYLI,KÖPRÜBAŞI,MAHALLE
CIHANBEYLI,KUŞÇA,MAHALLE
CIHANBEYLI,KÜTÜKUŞAĞI,MAHALLE
CIHANBEYLI,PINARBAŞI,MAHALLE
CIHANBEYLI,TAŞPINAR,MAHALLE
CIHANBEYLI,ÜZERLIKTEPE,MAHALLE
CIHANBEYLI,YAPALI,MAHALLE
CIHANBEYLI,YENICEOBA,MAHALLE
CIHANBEYLI,YENIYAYLA,MAHALLE
CIHANBEYLI,YEŞILÖZ,MAHALLE
CIHANBEYLI,AĞABEYLI,KIRSAL MAHALLE                   
CIHANBEYLI,BEYLIOVA,KIRSAL MAHALLE                   
CIHANBEYLI,BÖĞRÜDELIK,KIRSAL MAHALLE                   
CIHANBEYLI,ÇIMEN,KIRSAL MAHALLE                   
CIHANBEYLI,ÇÖL,KIRSAL MAHALLE                   
CIHANBEYLI,DAMLAKUYU,KIRSAL MAHALLE                   
CIHANBEYLI,HODOĞLU,KIRSAL MAHALLE                   
CIHANBEYLI,KAYI,KIRSAL MAHALLE                   
CIHANBEYLI,KIRKIŞLA,KIRSAL MAHALLE                   
CIHANBEYLI,KORKMAZLAR,KIRSAL MAHALLE                   
CIHANBEYLI,KÜÇÜKBEŞKAVAK,KIRSAL MAHALLE                   
CIHANBEYLI,MUTLUKONAK,KIRSAL MAHALLE                   
CIHANBEYLI,SAĞLIK,KIRSAL MAHALLE                   
CIHANBEYLI,SIĞIRCIK,KIRSAL MAHALLE                   
CIHANBEYLI,TURANLAR,KIRSAL MAHALLE                   
CIHANBEYLI,TÜFEKÇIPINAR,KIRSAL MAHALLE                   
CIHANBEYLI,UZUNCAYAYLA,KIRSAL MAHALLE                   
CIHANBEYLI,YÜNLÜKUYU,KIRSAL MAHALLE                   
CIHANBEYLI,ZAFERIYE,KIRSAL MAHALLE                   
ÇELTIK,BAHÇE HISAR,MAHALLE
ÇELTIK,BAHÇE SARAY,MAHALLE
ÇELTIK,BAHÇELIEVLER,MAHALLE
ÇELTIK,FATIH,MAHALLE
ÇELTIK,GÖKPINAR,MAHALLE
ÇELTIK,HONAMLI,MAHALLE
ÇELTIK,KARŞIYAKA,MAHALLE
ÇELTIK,KÜÇÜKHASAN,MAHALLE
ÇELTIK,SELÇUK,MAHALLE
ÇELTIK,ADAKASIM,KIRSAL MAHALLE                   
ÇELTIK,DOĞANYURT,KIRSAL MAHALLE                   
ÇELTIK,ISHAKUŞAĞI,KIRSAL MAHALLE                   
ÇELTIK,KAŞÖREN,KIRSAL MAHALLE                   
ÇELTIK,TORUNLAR,KIRSAL MAHALLE                   
ÇUMRA,ALISSA,MAHALLE
ÇUMRA,ALIBEYHÜYÜĞÜ,MAHALLE
ÇUMRA,APA,MAHALLE
ÇUMRA,ARIKÖREN,MAHALLE
ÇUMRA,BAĞLAR,MAHALLE
ÇUMRA,BAKKALBAŞI,MAHALLE
ÇUMRA,BARAJ,MAHALLE
ÇUMRA,BARDAKÇI,MAHALLE
ÇUMRA,CUMHURIYET,MAHALLE
ÇUMRA,ÇAYBAŞI,MAHALLE
ÇUMRA,DINEK,MAHALLE
ÇUMRA,GÜVERCINLIK,MAHALLE
ÇUMRA,HÜRRIYET,MAHALLE
ÇUMRA,IÇERIÇUMRA,MAHALLE
ÇUMRA,ISTIKLAL,MAHALLE
ÇUMRA,IZZETBEY,MAHALLE
ÇUMRA,KARKIN,MAHALLE
ÇUMRA,MEYDAN,MAHALLE
ÇUMRA,OKÇU,MAHALLE
ÇUMRA,TÜRKMENCAMILI,MAHALLE
ÇUMRA,YENI,MAHALLE
ÇUMRA,YENIDOĞAN,MAHALLE
ÇUMRA,YENISU,MAHALLE
ÇUMRA,ABDITOLU,KIRSAL MAHALLE                   
ÇUMRA,ADAKALE,KIRSAL MAHALLE                   
ÇUMRA,AFŞAR,KIRSAL MAHALLE                   
ÇUMRA,ALEMDAR,KIRSAL MAHALLE                   
ÇUMRA,APASARAYCIK,KIRSAL MAHALLE                   
ÇUMRA,AVDUL,KIRSAL MAHALLE                   
ÇUMRA,BALÇIKHISAR,KIRSAL MAHALLE                   
ÇUMRA,BEYLERCE,KIRSAL MAHALLE                   
ÇUMRA,BÜYÜKAŞLAMA,KIRSAL MAHALLE                   
ÇUMRA,ÇIÇEKKÖY,KIRSAL MAHALLE                   
ÇUMRA,ÇUKURKAVAK,KIRSAL MAHALLE                   
ÇUMRA,DEDEMOĞLU,KIRSAL MAHALLE                   
ÇUMRA,DINEKSARAY,KIRSAL MAHALLE                   
ÇUMRA,DINLENDIK,KIRSAL MAHALLE                   
ÇUMRA,DOĞANLI,KIRSAL MAHALLE                   
ÇUMRA,ERENTEPE,KIRSAL MAHALLE                   
ÇUMRA,FETHIYE,KIRSAL MAHALLE                   
ÇUMRA,GÖKHÜYÜK,KIRSAL MAHALLE                   
ÇUMRA,INLI,KIRSAL MAHALLE                   
ÇUMRA,KUZUCU,KIRSAL MAHALLE                   
ÇUMRA,KÜÇÜKKÖY,KIRSAL MAHALLE                   
ÇUMRA,SEÇME,KIRSAL MAHALLE                   
ÇUMRA,SÜRGÜÇ,KIRSAL MAHALLE                   
ÇUMRA,TAHTALI,KIRSAL MAHALLE                   
ÇUMRA,TAŞAĞIL,KIRSAL MAHALLE                   
ÇUMRA,TÜRKMENKARAHÜYÜK,KIRSAL MAHALLE                   
ÇUMRA,UZUNKUYU,KIRSAL MAHALLE                   
ÇUMRA,ÜÇHÜYÜK,KIRSAL MAHALLE                   
ÇUMRA,ÜRÜNLÜ,KIRSAL MAHALLE                   
ÇUMRA,YÖRÜKCAMILI,KIRSAL MAHALLE                   
DERBENT,CAMIIKEBIR,MAHALLE
DERBENT,ÇIFTLIKÖZÜ,MAHALLE
DERBENT,GÜNEY,MAHALLE
DERBENT,HACI AHMET,MAHALLE
DERBENT,KARALAR,MAHALLE
DERBENT,SÜLEYMAN,MAHALLE
DERBENT,YUKARI,MAHALLE
DERBENT,ARAPÖZÜ,KIRSAL MAHALLE                   
DERBENT,DEĞIŞ,KIRSAL MAHALLE                   
DERBENT,DERBENTTEKKE,KIRSAL MAHALLE                   
DERBENT,GÜNEYKÖY,KIRSAL MAHALLE                   
DERBENT,MÜLAYIM,KIRSAL MAHALLE                   
DERBENT,SARAYPINAR,KIRSAL MAHALLE                   
DEREBUCAK,ÇAMLIK,MAHALLE
DEREBUCAK,GENCEK,MAHALLE
DEREBUCAK,GÖYNEM,MAHALLE
DEREBUCAK,KENANKUYU,MAHALLE
DEREBUCAK,MUSALLA,MAHALLE
DEREBUCAK,PINARBAŞI,MAHALLE
DEREBUCAK,SARAYÖNÜ,MAHALLE
DEREBUCAK,YENI,MAHALLE
DEREBUCAK,DURAK,KIRSAL MAHALLE                   
DEREBUCAK,TAŞLIPINAR,KIRSAL MAHALLE                   
DEREBUCAK,TEPEARASI,KIRSAL MAHALLE                   
DEREBUCAK,UĞURLU,KIRSAL MAHALLE                   
DOĞANHISAR,AĞA,MAHALLE
DOĞANHISAR,AYASLAR,MAHALLE
DOĞANHISAR,BAŞ,MAHALLE
DOĞANHISAR,BAŞKÖY,MAHALLE
DOĞANHISAR,CUMA,MAHALLE
DOĞANHISAR,ÇINAROBA,MAHALLE
DOĞANHISAR,DEŞTIĞIN,MAHALLE
DOĞANHISAR,HARMAN,MAHALLE
DOĞANHISAR,KARAAĞA,MAHALLE
DOĞANHISAR,KOÇAŞ,MAHALLE
DOĞANHISAR,KONAKKALE,MAHALLE
DOĞANHISAR,KUZ,MAHALLE
DOĞANHISAR,PAZAR,MAHALLE
DOĞANHISAR,ŞIH,MAHALLE
DOĞANHISAR,YEĞIN,MAHALLE
DOĞANHISAR,YENICE,MAHALLE
DOĞANHISAR,FIRINLI,KIRSAL MAHALLE                   
DOĞANHISAR,GÜVENDIK,KIRSAL MAHALLE                   
DOĞANHISAR,ILYASLAR,KIRSAL MAHALLE                   
DOĞANHISAR,KEMER,KIRSAL MAHALLE                   
DOĞANHISAR,TEKKEKÖY,KIRSAL MAHALLE                   
DOĞANHISAR,UNCULAR,KIRSAL MAHALLE                   
DOĞANHISAR,YAZIR,KIRSAL MAHALLE                   
DOĞANHISAR,YAZLICA,KIRSAL MAHALLE                   
EMIRGAZI,AKMESCIT,MAHALLE
EMIRGAZI,CAMIKEBIR,MAHALLE
EMIRGAZI,CUMHURIYET,MAHALLE
EMIRGAZI,DEMIRCI,MAHALLE
EMIRGAZI,FATIH,MAHALLE
EMIRGAZI,IŞIKLAR,MAHALLE
EMIRGAZI,KALE,MAHALLE
EMIRGAZI,TÜRBE,MAHALLE
EMIRGAZI,YENI,MAHALLE
EMIRGAZI,BESCI,KIRSAL MAHALLE                   
EMIRGAZI,EKIZLI,KIRSAL MAHALLE                   
EMIRGAZI,GÖLÖREN,KIRSAL MAHALLE                   
EMIRGAZI,KARAÖREN,KIRSAL MAHALLE                   
EMIRGAZI,MEŞELI,KIRSAL MAHALLE                   
EMIRGAZI,ÖBEKTAŞ,KIRSAL MAHALLE                   
EMIRGAZI,YAMAÇ,KIRSAL MAHALLE                   
EREĞLI,ALPASLAN,MAHALLE
EREĞLI,ATAKENT,MAHALLE
EREĞLI,AYDINLAR,MAHALLE
EREĞLI,AZIZIYE,MAHALLE
EREĞLI,BARBAROS,MAHALLE
EREĞLI,BATIALAGÖZLÜ,MAHALLE
EREĞLI,BELKAYA,MAHALLE
EREĞLI,BOYACIALI,MAHALLE
EREĞLI,CAHI,MAHALLE
EREĞLI,CAMIKEBIR,MAHALLE
EREĞLI,CINLER,MAHALLE
EREĞLI,ÇAYHAN,MAHALLE
EREĞLI,ÇÖMLEKÇI,MAHALLE
EREĞLI,DALMAZ,MAHALLE
EREĞLI,DOGUALAGÖZLÜ,MAHALLE
EREĞLI,ETI,MAHALLE
EREĞLI,FATIH,MAHALLE
EREĞLI,GÜLBAHÇE,MAHALLE
EREĞLI,HACIMUSTAFA,MAHALLE
EREĞLI,HACIMUTAHIR,MAHALLE
EREĞLI,HAMIDIYE,MAHALLE
EREĞLI,HIDIRLI,MAHALLE
EREĞLI,HORTU,MAHALLE
EREĞLI,KAZANCI,MAHALLE
EREĞLI,KUTÖREN,MAHALLE
EREĞLI,MEHMET AKIF,MAHALLE
EREĞLI,MIMAR SINAN,MAHALLE
EREĞLI,NAMIK KEMAL,MAHALLE
EREĞLI,ORHANGAZI,MAHALLE
EREĞLI,PIRÖMER,MAHALLE
EREĞLI,SELÇUKLU,MAHALLE
EREĞLI,SÜMER,MAHALLE
EREĞLI,ŞINASI,MAHALLE
EREĞLI,TALATPAŞA,MAHALLE
EREĞLI,TOROS,MAHALLE
EREĞLI,TÜRBE,MAHALLE
EREĞLI,ÜÇGÖZ,MAHALLE
EREĞLI,YENIBAĞLAR,MAHALLE
EREĞLI,YILDIRIMBEYAZIT,MAHALLE
EREĞLI,YUNUSLU,MAHALLE
EREĞLI,ZENGEN,MAHALLE
EREĞLI,ZIYA GÖKALP,MAHALLE
EREĞLI,500 EVLER,MAHALLE
EREĞLI,ACIKUYU,KIRSAL MAHALLE                   
EREĞLI,ACIPINAR,KIRSAL MAHALLE                   
EREĞLI,ADABAĞ,KIRSAL MAHALLE                   
EREĞLI,AKHÜYÜK,KIRSAL MAHALLE                   
EREĞLI,ALHAN,KIRSAL MAHALLE                   
EREĞLI,AŞAĞIGÖNDELEN,KIRSAL MAHALLE                   
EREĞLI,AŞIKLAR,KIRSAL MAHALLE                   
EREĞLI,BAHÇELI,KIRSAL MAHALLE                   
EREĞLI,BELCEAĞAÇ,KIRSAL MAHALLE                   
EREĞLI,BEYKÖY,KIRSAL MAHALLE                   
EREĞLI,BEYÖREN,KIRSAL MAHALLE                   
EREĞLI,BULGURLUK,KIRSAL MAHALLE                   
EREĞLI,BURHANIYE,KIRSAL MAHALLE                   
EREĞLI,BÜYÜKDEDE,KIRSAL MAHALLE                   
EREĞLI,ÇAKMAK,KIRSAL MAHALLE                   
EREĞLI,ÇILLER,KIRSAL MAHALLE                   
EREĞLI,ÇIMENCIK,KIRSAL MAHALLE                   
EREĞLI,GAYBI,KIRSAL MAHALLE                   
EREĞLI,GÖKÇEYAZI,KIRSAL MAHALLE                   
EREĞLI,GÖKTÖME,KIRSAL MAHALLE                   
EREĞLI,HACIMEMIŞ,KIRSAL MAHALLE                   
EREĞLI,KAMIŞLIKUYU,KIRSAL MAHALLE                   
EREĞLI,KARABURUN,KIRSAL MAHALLE                   
EREĞLI,KARGACI,KIRSAL MAHALLE                   
EREĞLI,KIZILGEDIK,KIRSAL MAHALLE                   
EREĞLI,KUSKUNCUK,KIRSAL MAHALLE                   
EREĞLI,KUZUKUYU,KIRSAL MAHALLE                   
EREĞLI,MELICEK,KIRSAL MAHALLE                   
EREĞLI,ORHANIYE,KIRSAL MAHALLE                   
EREĞLI,ÖZGÜRLER,KIRSAL MAHALLE                   
EREĞLI,PINARÖZÜ,KIRSAL MAHALLE                   
EREĞLI,SARICA,KIRSAL MAHALLE                   
EREĞLI,SARITOPALLI,KIRSAL MAHALLE                   
EREĞLI,SERVILI,KIRSAL MAHALLE                   
EREĞLI,TAŞAĞIL,KIRSAL MAHALLE                   
EREĞLI,TAŞBUDAK,KIRSAL MAHALLE                   
EREĞLI,TATLIKUYU,KIRSAL MAHALLE                   
EREĞLI,TÜRKMEN,KIRSAL MAHALLE                   
EREĞLI,ULUMEŞE,KIRSAL MAHALLE                   
EREĞLI,YAZLIK,KIRSAL MAHALLE                   
EREĞLI,YELLICE,KIRSAL MAHALLE                   
EREĞLI,YENIKÖY,KIRSAL MAHALLE                   
EREĞLI,YILDIZLI,KIRSAL MAHALLE                   
EREĞLI,YUKARIGÖNDELEN,KIRSAL MAHALLE                   
GÜNEYSINIR,AYDOĞMUŞ,MAHALLE
GÜNEYSINIR,BARDAS,MAHALLE
GÜNEYSINIR,EMIRHAN,MAHALLE
GÜNEYSINIR,GÜNEYBAĞ,MAHALLE
GÜNEYSINIR,KARASINIR,MAHALLE
GÜNEYSINIR,MEVLANA,MAHALLE
GÜNEYSINIR,AĞRAS,KIRSAL MAHALLE                   
GÜNEYSINIR,AVCITEPE,KIRSAL MAHALLE                   
GÜNEYSINIR,DURAYDA,KIRSAL MAHALLE                   
GÜNEYSINIR,GÜRAĞAÇ,KIRSAL MAHALLE                   
GÜNEYSINIR,HABILLER,KIRSAL MAHALLE                   
GÜNEYSINIR,KAYAAĞZI,KIRSAL MAHALLE                   
GÜNEYSINIR,KIZILÖZ,KIRSAL MAHALLE                   
GÜNEYSINIR,KURUKAVAK,KIRSAL MAHALLE                   
GÜNEYSINIR,MEHMET ALI,KIRSAL MAHALLE                   
GÜNEYSINIR,ÖMEROĞLU,KIRSAL MAHALLE                   
GÜNEYSINIR,ÖRENBOYALI,KIRSAL MAHALLE                   
GÜNEYSINIR,SARIHACI,KIRSAL MAHALLE                   
HADIM,ARMAĞANLAR,MAHALLE
HADIM,AŞAĞI HADIM,MAHALLE
HADIM,BADEMLI,MAHALLE
HADIM,BOLAT,MAHALLE
HADIM,DEDEMLI,MAHALLE
HADIM,DOLHANLAR,MAHALLE
HADIM,EĞISTE,MAHALLE
HADIM,GEREZ,MAHALLE
HADIM,GEZLEVI,MAHALLE
HADIM,HOCALAR,MAHALLE
HADIM,TAŞPINAR,MAHALLE
HADIM,AŞAĞI MERNEK,KIRSAL MAHALLE                   
HADIM,AŞAĞIEŞENLER,KIRSAL MAHALLE                   
HADIM,BEYRELI,KIRSAL MAHALLE                   
HADIM,ÇIFTEPINAR,KIRSAL MAHALLE                   
HADIM,DÜLGERLER,KIRSAL MAHALLE                   
HADIM,FAKILAR,KIRSAL MAHALLE                   
HADIM,GAZILER,KIRSAL MAHALLE                   
HADIM,GÖYNÜKKIŞLA,KIRSAL MAHALLE                   
HADIM,IĞDEÖREN,KIRSAL MAHALLE                   
HADIM,KALINAĞIL,KIRSAL MAHALLE                   
HADIM,KAPLANLI,KIRSAL MAHALLE                   
HADIM,KÜPLÜCE,KIRSAL MAHALLE                   
HADIM,MERNEK,KIRSAL MAHALLE                   
HADIM,ODUNCU,KIRSAL MAHALLE                   
HADIM,SARNIÇ,KIRSAL MAHALLE                   
HADIM,SELAHATTIN,KIRSAL MAHALLE                   
HADIM,UMURLAR,KIRSAL MAHALLE                   
HADIM,YAĞCI,KIRSAL MAHALLE                   
HADIM,YELMEZ,KIRSAL MAHALLE                   
HADIM,YENIKONAK,KIRSAL MAHALLE                   
HADIM,YUKARIEŞENLER,KIRSAL MAHALLE                   
HALKAPINAR,BAHÇELIEVLER,MAHALLE
HALKAPINAR,CUMHURIYET,MAHALLE
HALKAPINAR,BÜYÜKDOĞAN,KIRSAL MAHALLE                   
HALKAPINAR,ÇAKILLAR,KIRSAL MAHALLE                   
HALKAPINAR,DEDELI,KIRSAL MAHALLE                   
HALKAPINAR,DELIMAHMUTLU,KIRSAL MAHALLE                   
HALKAPINAR,ESKIHISAR,KIRSAL MAHALLE                   
HALKAPINAR,IVRIZ,KIRSAL MAHALLE                   
HALKAPINAR,KARAYUSUFLU,KIRSAL MAHALLE                   
HALKAPINAR,KAYASARAY,KIRSAL MAHALLE                   
HALKAPINAR,KÖRLÜ,KIRSAL MAHALLE                   
HALKAPINAR,KÜSERE,KIRSAL MAHALLE                   
HALKAPINAR,NERNEK,KIRSAL MAHALLE                   
HALKAPINAR,OSMANKÖSELI,KIRSAL MAHALLE                   
HALKAPINAR,SEYDIFAKILI,KIRSAL MAHALLE                   
HALKAPINAR,YASSIKAYA,KIRSAL MAHALLE                   
HALKAPINAR,YEŞILYURT,KIRSAL MAHALLE                   
HÜYÜK,AKDAĞ,MAHALLE
HÜYÜK,BAHÇELI EVLER,MAHALLE
HÜYÜK,BURUNSUZ,MAHALLE
HÜYÜK,CUMHURIYET,MAHALLE
HÜYÜK,ÇAMLICA,MAHALLE
HÜYÜK,ÇAVUŞ,MAHALLE
HÜYÜK,GÖÇERI,MAHALLE
HÜYÜK,ILMEN,MAHALLE
HÜYÜK,IMRENLER,MAHALLE
HÜYÜK,KIRELI,MAHALLE
HÜYÜK,KÖŞK,MAHALLE
HÜYÜK,MUTLU,MAHALLE
HÜYÜK,SELKI,MAHALLE
HÜYÜK,ULUPINAR,MAHALLE
HÜYÜK,BAŞLAMIŞ,KIRSAL MAHALLE                   
HÜYÜK,BUDAK,KIRSAL MAHALLE                   
HÜYÜK,ÇUKURKENT,KIRSAL MAHALLE                   
HÜYÜK,DEĞIRMENALTI,KIRSAL MAHALLE                   
HÜYÜK,GÖRÜNMEZ,KIRSAL MAHALLE                   
HÜYÜK,PINARBAŞI,KIRSAL MAHALLE                   
HÜYÜK,SULUDERE,KIRSAL MAHALLE                   
HÜYÜK,TOLCA,KIRSAL MAHALLE                   
HÜYÜK,YENICE,KIRSAL MAHALLE                   
ILGIN,ARGITHANI,MAHALLE
ILGIN,AYVATDEDE,MAHALLE
ILGIN,BALKI,MAHALLE
ILGIN,BEHLÜLBEY,MAHALLE
ILGIN,BEYKONAK,MAHALLE
ILGIN,CAMIIATIK,MAHALLE
ILGIN,ÇAVUŞÇUGÖL,MAHALLE
ILGIN,ÇIĞIL,MAHALLE
ILGIN,ESENTEPE,MAHALLE
ILGIN,FAHRETTIN ALTAY,MAHALLE
ILGIN,FATIH,MAHALLE
ILGIN,GÖKÇEYURT,MAHALLE
ILGIN,ILICA,MAHALLE
ILGIN,ISTASYON,MAHALLE
ILGIN,MILLI EGEMENLIK,MAHALLE
ILGIN,SAHIP ATA,MAHALLE
ILGIN,ŞIHBEDRETTIN,MAHALLE
ILGIN,ŞIHCARULLAH,MAHALLE
ILGIN,UCARI,MAHALLE
ILGIN,YUKARIÇIĞIL,MAHALLE
ILGIN,AĞALAR,KIRSAL MAHALLE                   
ILGIN,AVDAN,KIRSAL MAHALLE                   
ILGIN,BARAKMUSLU,KIRSAL MAHALLE                   
ILGIN,BELEKLER,KIRSAL MAHALLE                   
ILGIN,BOĞAZKENT,KIRSAL MAHALLE                   
ILGIN,BULCUK,KIRSAL MAHALLE                   
ILGIN,BÜYÜKOBA,KIRSAL MAHALLE                   
ILGIN,ÇATAK,KIRSAL MAHALLE                   
ILGIN,ÇOBANKAYA,KIRSAL MAHALLE                   
ILGIN,ÇÖMLEKÇI,KIRSAL MAHALLE                   
ILGIN,DEREKÖY,KIRSAL MAHALLE                   
ILGIN,DIĞRAK,KIRSAL MAHALLE                   
ILGIN,DÜĞER,KIRSAL MAHALLE                   
ILGIN,ELDEŞ,KIRSAL MAHALLE                   
ILGIN,GEÇITKÖY,KIRSAL MAHALLE                   
ILGIN,GEDIKÖREN,KIRSAL MAHALLE                   
ILGIN,GÖKBUDAK,KIRSAL MAHALLE                   
ILGIN,GÖLYAKA,KIRSAL MAHALLE                   
ILGIN,GÖSTERE,KIRSAL MAHALLE                   
ILGIN,GÜNEYPINAR,KIRSAL MAHALLE                   
ILGIN,HARMANYAZI,KIRSAL MAHALLE                   
ILGIN,IHSANIYE,KIRSAL MAHALLE                   
ILGIN,KALEKÖY,KIRSAL MAHALLE                   
ILGIN,KAPAKLI,KIRSAL MAHALLE                   
ILGIN,KARAKÖY,KIRSAL MAHALLE                   
ILGIN,MAHMUTHISAR,KIRSAL MAHALLE                   
ILGIN,MECIDIYE,KIRSAL MAHALLE                   
ILGIN,MISAFIRLI,KIRSAL MAHALLE                   
ILGIN,OLUKPINAR,KIRSAL MAHALLE                   
ILGIN,ORHANIYE,KIRSAL MAHALLE                   
ILGIN,ORMANÖZÜ,KIRSAL MAHALLE                   
ILGIN,SADIKKÖY,KIRSAL MAHALLE                   
ILGIN,SEBILLER,KIRSAL MAHALLE                   
ILGIN,TEKELER,KIRSAL MAHALLE                   
ILGIN,YORAZLAR,KIRSAL MAHALLE                   
ILGIN,ZAFERIYE,KIRSAL MAHALLE                   
KADINHANI,ATLANTI,MAHALLE
KADINHANI,BAŞKUYU,MAHALLE
KADINHANI,DOĞANLAR,MAHALLE
KADINHANI,GÜNGÖREN,MAHALLE
KADINHANI,ISTIKLAL,MAHALLE
KADINHANI,KARAKAYA,MAHALLE
KADINHANI,KAYABAŞI,MAHALLE
KADINHANI,KOLUKISA BERATLI,MAHALLE
KADINHANI,KOLUKISA MESCIT,MAHALLE
KADINHANI,OSMANCIK,MAHALLE
KADINHANI,PINARBAŞI,MAHALLE
KADINHANI,TEPEBAŞI,MAHALLE
KADINHANI,TURGUTLU,MAHALLE
KADINHANI,ÜNVEREN,MAHALLE
KADINHANI,YENI,MAHALLE
KADINHANI,ZAFER,MAHALLE
KADINHANI,AFŞARLI,KIRSAL MAHALLE                   
KADINHANI,ALABAĞ,KIRSAL MAHALLE                   
KADINHANI,BAKIRPINAR,KIRSAL MAHALLE                   
KADINHANI,BAYRAMLI,KIRSAL MAHALLE                   
KADINHANI,BEYKAVAĞI,KIRSAL MAHALLE                   
KADINHANI,BULGURPINARI,KIRSAL MAHALLE                   
KADINHANI,ÇAVDAR,KIRSAL MAHALLE                   
KADINHANI,ÇEŞMECIK,KIRSAL MAHALLE                   
KADINHANI,ÇUBUK,KIRSAL MAHALLE                   
KADINHANI,DEMIROLUK,KIRSAL MAHALLE                   
KADINHANI,HACIMEHMETLI,KIRSAL MAHALLE                   
KADINHANI,HACIOFLAZLAR,KIRSAL MAHALLE                   
KADINHANI,HACIPIRLI,KIRSAL MAHALLE                   
KADINHANI,KABACALI,KIRSAL MAHALLE                   
KADINHANI,KAMIŞLIÖZÜ,KIRSAL MAHALLE                   
KADINHANI,KARAHISARLI,KIRSAL MAHALLE                   
KADINHANI,KARAKURTLU,KIRSAL MAHALLE                   
KADINHANI,KARASEVINÇ,KIRSAL MAHALLE                   
KADINHANI,KARAYÜRÜKLÜ,KIRSAL MAHALLE                   
KADINHANI,KIZILKUYU,KIRSAL MAHALLE                   
KADINHANI,KONURÖREN,KIRSAL MAHALLE                   
KADINHANI,KÖKEZ,KIRSAL MAHALLE                   
KADINHANI,KÖYLÜTOLU,KIRSAL MAHALLE                   
KADINHANI,KURTHASANLI,KIRSAL MAHALLE                   
KADINHANI,KÜÇÜKKUYU,KIRSAL MAHALLE                   
KADINHANI,MAHMUDIYE,KIRSAL MAHALLE                   
KADINHANI,MEYDANLI,KIRSAL MAHALLE                   
KADINHANI,ÖRNEK,KIRSAL MAHALLE                   
KADINHANI,PIRALI,KIRSAL MAHALLE                   
KADINHANI,PUSAT,KIRSAL MAHALLE                   
KADINHANI,SAÇIKARA,KIRSAL MAHALLE                   
KADINHANI,SARIKAYA,KIRSAL MAHALLE                   
KADINHANI,SÖĞÜTÖZÜ,KIRSAL MAHALLE                   
KADINHANI,ŞAHÖREN,KIRSAL MAHALLE                   
KADINHANI,TOSUNOĞLU,KIRSAL MAHALLE                   
KADINHANI,YAĞLICA,KIRSAL MAHALLE                   
KADINHANI,YAYLAYAKA,KIRSAL MAHALLE                   
KARAPINAR,ADALET,MAHALLE
KARAPINAR,ALAADDIN,MAHALLE
KARAPINAR,APAK,MAHALLE
KARAPINAR,CUMHURIYET,MAHALLE
KARAPINAR,ÇETMI,MAHALLE
KARAPINAR,FATIH,MAHALLE
KARAPINAR,FEVZI PAŞA,MAHALLE
KARAPINAR,GAZI OSMAN PAŞA,MAHALLE
KARAPINAR,HACI ISA,MAHALLE
KARAPINAR,HACI ÖMERLI,MAHALLE
KARAPINAR,HANKAPI,MAHALLE
KARAPINAR,HOTAMIŞ,MAHALLE
KARAPINAR,IPEKÇI,MAHALLE
KARAPINAR,ISLIK,MAHALLE
KARAPINAR,ISMET PAŞA,MAHALLE
KARAPINAR,KALE,MAHALLE
KARAPINAR,KAYALI,MAHALLE
KARAPINAR,KÜLLÜ,MAHALLE
KARAPINAR,PINARBAŞI,MAHALLE
KARAPINAR,REŞADIYE,MAHALLE
KARAPINAR,SANDIKLI,MAHALLE
KARAPINAR,SELIMIYE,MAHALLE
KARAPINAR,TÜRÜDIYE,MAHALLE
KARAPINAR,ULUS,MAHALLE
KARAPINAR,YENI,MAHALLE
KARAPINAR,YEŞILYURT,MAHALLE
KARAPINAR,YUNUS EMRE,MAHALLE
KARAPINAR,ZAFER,MAHALLE
KARAPINAR,AKÇAYAZI,KIRSAL MAHALLE                   
KARAPINAR,AKÖREN,KIRSAL MAHALLE                   
KARAPINAR,ÇIĞIL,KIRSAL MAHALLE                   
KARAPINAR,HASANOBA,KIRSAL MAHALLE                   
KARAPINAR,KARAKIŞLA,KIRSAL MAHALLE                   
KARAPINAR,KAYACIK,KIRSAL MAHALLE                   
KARAPINAR,KAZANHÜYÜĞÜ,KIRSAL MAHALLE                   
KARAPINAR,KESMEZ,KIRSAL MAHALLE                   
KARAPINAR,KÜÇÜKAŞLAMA,KIRSAL MAHALLE                   
KARAPINAR,ORTAOBA,KIRSAL MAHALLE                   
KARAPINAR,OYMALI,KIRSAL MAHALLE                   
KARAPINAR,SAZLIPINAR,KIRSAL MAHALLE                   
KARAPINAR,YAĞMAPINAR,KIRSAL MAHALLE                   
KARAPINAR,YENIKUYU,KIRSAL MAHALLE                   
KARATAY,AKABE,MAHALLE
KARATAY,AKÇEŞME,MAHALLE
KARATAY,AKIFPAŞA,MAHALLE
KARATAY,AZIZIYE,MAHALLE
KARATAY,BAŞAK,MAHALLE
KARATAY,BÜYÜK SINAN,MAHALLE
KARATAY,ÇATALHÜYÜK,MAHALLE
KARATAY,ÇATALTÖMEK,MAHALLE
KARATAY,ÇELEBI,MAHALLE
KARATAY,ÇIMENLIK,MAHALLE
KARATAY,DOĞUŞ,MAHALLE
KARATAY,ELMACI,MAHALLE
KARATAY,EMIRGAZI,MAHALLE
KARATAY,ERENLER,MAHALLE
KARATAY,ERLER,MAHALLE
KARATAY,FETIH,MAHALLE
KARATAY,FEVZIÇAKMAK,MAHALLE
KARATAY,GAZIOSMANPAŞA,MAHALLE
KARATAY,HACI HASAN,MAHALLE
KARATAY,HACIIBALI,MAHALLE
KARATAY,HACISADIK,MAHALLE
KARATAY,HACIVEYISZADE,MAHALLE
KARATAY,HACIYUSUFMESCIT,MAHALLE
KARATAY,HAMZAOĞLU,MAHALLE
KARATAY,HASANDEDEMESCIT,MAHALLE
KARATAY,HAYIROĞLU,MAHALLE
KARATAY,ISMIL,MAHALLE
KARATAY,ISTIKLAL,MAHALLE
KARATAY,KALENDERHANE,MAHALLE
KARATAY,KARAASLANDEDE,MAHALLE
KARATAY,KARAASLANÜZÜMCÜ,MAHALLE
KARATAY,KARACIĞAN,MAHALLE
KARATAY,KARAKULAK,MAHALLE
KARATAY,KAYACIKARAPLAR,MAHALLE
KARATAY,KEÇECILER,MAHALLE
KARATAY,KERIM DEDE,MAHALLE
KARATAY,KEYKUBAT,MAHALLE
KARATAY,KÖPRÜBAŞI,MAHALLE
KARATAY,KUMKÖPRÜ,MAHALLE
KARATAY,MENGENE,MAHALLE
KARATAY,NAKIPOĞLU,MAHALLE
KARATAY,ORHANGAZI,MAHALLE
KARATAY,ORTAKONAK,MAHALLE
KARATAY,OVAKAVAĞI,MAHALLE
KARATAY,SAKYATAN,MAHALLE
KARATAY,SARAÇOĞLU,MAHALLE
KARATAY,SARIYAKUP,MAHALLE
KARATAY,SELIMSULTAN,MAHALLE
KARATAY,SULTAN MESUD,MAHALLE
KARATAY,ŞATIR,MAHALLE
KARATAY,ŞEMSITEBRIZI,MAHALLE
KARATAY,TATLICAK,MAHALLE
KARATAY,ULUBATLIHASAN,MAHALLE
KARATAY,YARMA,MAHALLE
KARATAY,YEDILER,MAHALLE
KARATAY,ACIDORT,KIRSAL MAHALLE                   
KARATAY,AĞSAKLI,KIRSAL MAHALLE                   
KARATAY,AKBAŞ,KIRSAL MAHALLE                   
KARATAY,AKÖRENKIŞLA,KIRSAL MAHALLE                   
KARATAY,BAKIRTOLU,KIRSAL MAHALLE                   
KARATAY,BAŞGÖTÜREN,KIRSAL MAHALLE                   
KARATAY,BEŞAĞIL,KIRSAL MAHALLE                   
KARATAY,BÜYÜKBURNAK,KIRSAL MAHALLE                   
KARATAY,ÇENGILTI,KIRSAL MAHALLE                   
KARATAY,DIVANLAR,KIRSAL MAHALLE                   
KARATAY,ESENTEPE,KIRSAL MAHALLE                   
KARATAY,GÖÇÜ,KIRSAL MAHALLE                   
KARATAY,IPEKLER,KIRSAL MAHALLE                   
KARATAY,KARADONA,KIRSAL MAHALLE                   
KARATAY,KARAKAYA,KIRSAL MAHALLE                   
KARATAY,KATRANCI,KIRSAL MAHALLE                   
KARATAY,KIZÖREN,KIRSAL MAHALLE                   
KARATAY,KÖSEALI,KIRSAL MAHALLE                   
KARATAY,OBRUK,KIRSAL MAHALLE                   
KARATAY,SÜRÜÇ,KIRSAL MAHALLE                   
KARATAY,YAĞLIBAYAT,KIRSAL MAHALLE                   
KARATAY,YAVŞANKUYU,KIRSAL MAHALLE                   
KARATAY,YENICE,KIRSAL MAHALLE                   
KARATAY,YENIKENT,KIRSAL MAHALLE                   
KARATAY,ZINCIRLI,KIRSAL MAHALLE                   
KULU,ALPARSLAN,MAHALLE
KULU,BAHADIRLI,MAHALLE
KULU,CAMIKEBIR,MAHALLE
KULU,CELEP,MAHALLE
KULU,CUMHURIYET,MAHALLE
KULU,DEĞIRMENÖZÜ,MAHALLE
KULU,DINEK,MAHALLE
KULU,FATIH SULTAN MEHMET,MAHALLE
KULU,KARACADAĞ,MAHALLE
KULU,KARAPINAR,MAHALLE
KULU,KARŞIYAKA,MAHALLE
KULU,KEMALIYE,MAHALLE
KULU,KIRKPINAR,MAHALLE
KULU,KOZANLI,MAHALLE
KULU,ÖMERANLI,MAHALLE
KULU,TUZYAKA,MAHALLE
KULU,YENI,MAHALLE
KULU,ZINCIRLIKUYU,MAHALLE
KULU,ACIKUYU,KIRSAL MAHALLE                   
KULU,ALTILAR,KIRSAL MAHALLE                   
KULU,ARŞINCI,KIRSAL MAHALLE                   
KULU,BEŞKARDEŞ,KIRSAL MAHALLE                   
KULU,BOZAN,KIRSAL MAHALLE                   
KULU,BURUNAĞIL,KIRSAL MAHALLE                   
KULU,CANIMANA,KIRSAL MAHALLE                   
KULU,DIPDEDE,KIRSAL MAHALLE                   
KULU,DOĞUTEPE,KIRSAL MAHALLE                   
KULU,FEVZIYE,KIRSAL MAHALLE                   
KULU,GÖKLER,KIRSAL MAHALLE                   
KULU,GÜZELYAYLA,KIRSAL MAHALLE                   
KULU,HISARKÖY,KIRSAL MAHALLE                   
KULU,KARACADERE,KIRSAL MAHALLE                   
KULU,KIRKKUYU,KIRSAL MAHALLE                   
KULU,KÖMÜŞINI,KIRSAL MAHALLE                   
KULU,KÖSTENGIL,KIRSAL MAHALLE                   
KULU,KÖŞKER,KIRSAL MAHALLE                   
KULU,MANDIRA,KIRSAL MAHALLE                   
KULU,SARIYAYLA,KIRSAL MAHALLE                   
KULU,SEYITAHMETLI,KIRSAL MAHALLE                   
KULU,SOĞUKKUYU,KIRSAL MAHALLE                   
KULU,ŞEREFLI,KIRSAL MAHALLE                   
KULU,TAVLIÖREN,KIRSAL MAHALLE                   
KULU,YARAŞLI,KIRSAL MAHALLE                   
KULU,YAZIÇAYIR,KIRSAL MAHALLE                   
KULU,YEŞILTEPE,KIRSAL MAHALLE                   
KULU,YEŞILYURT,KIRSAL MAHALLE                   
MERAM,ALAKOVA,MAHALLE
MERAM,ALAVARDI,MAHALLE
MERAM,ALI ULVI KURUCU,MAHALLE
MERAM,ALPASLAN,MAHALLE
MERAM,AŞKAN,MAHALLE
MERAM,ATEŞBAZ VELI,MAHALLE
MERAM,AYANBEY,MAHALLE
MERAM,AYDOĞDU,MAHALLE
MERAM,AYMANAS,MAHALLE
MERAM,BAHÇEŞEHIR,MAHALLE
MERAM,BAYAT,MAHALLE
MERAM,BORUKTOLU,MAHALLE
MERAM,BOYALI,MAHALLE
MERAM,ÇARIKLAR,MAHALLE
MERAM,ÇAYBAŞI,MAHALLE
MERAM,ÇAYIRBAĞI,MAHALLE
MERAM,ÇOMAKLI,MAHALLE
MERAM,DERE,MAHALLE
MERAM,DURUNDAY,MAHALLE
MERAM,GÖDENE,MAHALLE
MERAM,HADIMI,MAHALLE
MERAM,HARMANCIK,MAHALLE
MERAM,HATIP,MAHALLE
MERAM,HATUNSARAY,MAHALLE
MERAM,HAVZAN,MAHALLE
MERAM,INLICE,MAHALLE
MERAM,KARADIĞIN,MAHALLE
MERAM,KARADIĞINDERESI,MAHALLE
MERAM,KARAHÜYÜK,MAHALLE
MERAM,KAŞINHANI,MAHALLE
MERAM,KAVAK,MAHALLE
MERAM,KIZILÖREN,MAHALLE
MERAM,KONEVI,MAHALLE
MERAM,KOVANAĞZI,MAHALLE
MERAM,KOZAĞAÇ,MAHALLE
MERAM,KÖYCEĞIZ,MAHALLE
MERAM,LALEBAHÇE,MAHALLE
MERAM,MELIKŞAH,MAHALLE
MERAM,OSMAN GAZI,MAHALLE
MERAM,PAMUKCU,MAHALLE
MERAM,PIREBI,MAHALLE
MERAM,SAĞLIK,MAHALLE
MERAM,SAHIBATA,MAHALLE
MERAM,SEFAKÖY,MAHALLE
MERAM,ULUĞBEY,MAHALLE
MERAM,ULUIRMAK,MAHALLE
MERAM,UZUNHARMANLAR,MAHALLE
MERAM,YAKA,MAHALLE
MERAM,YAYLAPINAR,MAHALLE
MERAM,YENIBAHÇE,MAHALLE
MERAM,YENIŞEHIR,MAHALLE
MERAM,BOTSA,KIRSAL MAHALLE                   
MERAM,ÇOMAKLAR,KIRSAL MAHALLE                   
MERAM,ÇUKURÇIMEN,KIRSAL MAHALLE                   
MERAM,ERENKAYA,KIRSAL MAHALLE                   
MERAM,EVLIYATEKKE,KIRSAL MAHALLE                   
MERAM,HASANŞEYH,KIRSAL MAHALLE                   
MERAM,IKIPINAR,KIRSAL MAHALLE                   
MERAM,KARAAĞAÇ,KIRSAL MAHALLE                   
MERAM,KAYADIBI,KIRSAL MAHALLE                   
MERAM,KAYALI,KIRSAL MAHALLE                   
MERAM,KAYIHÜYÜK,KIRSAL MAHALLE                   
MERAM,KILISTRA,KIRSAL MAHALLE                   
MERAM,KUMRALI,KIRSAL MAHALLE                   
MERAM,SADIKLAR,KIRSAL MAHALLE                   
MERAM,SARIKIZ,KIRSAL MAHALLE                   
MERAM,YATAĞAN,KIRSAL MAHALLE                   
MERAM,YEŞILDERE,KIRSAL MAHALLE                   
MERAM,YEŞILTEKKE,KIRSAL MAHALLE                   
SARAYÖNÜ,BAŞHÜYÜK,MAHALLE
SARAYÖNÜ,BATI ISTASYON,MAHALLE
SARAYÖNÜ,ÇEŞMELISEBIL,MAHALLE
SARAYÖNÜ,DOĞU ISTASYON,MAHALLE
SARAYÖNÜ,FATIH,MAHALLE
SARAYÖNÜ,GÖZLÜ,MAHALLE
SARAYÖNÜ,HATIP,MAHALLE
SARAYÖNÜ,INLI,MAHALLE
SARAYÖNÜ,KADIOĞLU,MAHALLE
SARAYÖNÜ,KURŞUNLU,MAHALLE
SARAYÖNÜ,LADIK,MAHALLE
SARAYÖNÜ,SARAÇ,MAHALLE
SARAYÖNÜ,SELIMIYE,MAHALLE
SARAYÖNÜ,YUKARI,MAHALLE
SARAYÖNÜ,BAHÇESARAY,KIRSAL MAHALLE                   
SARAYÖNÜ,BOYALI,KIRSAL MAHALLE                   
SARAYÖNÜ,BÜYÜKZENGI,KIRSAL MAHALLE                   
SARAYÖNÜ,DEĞIRMENLI,KIRSAL MAHALLE                   
SARAYÖNÜ,ERTUĞRUL,KIRSAL MAHALLE                   
SARAYÖNÜ,KARABIYIK,KIRSAL MAHALLE                   
SARAYÖNÜ,KARATEPE,KIRSAL MAHALLE                   
SARAYÖNÜ,KAYIÖREN,KIRSAL MAHALLE                   
SARAYÖNÜ,KONAR,KIRSAL MAHALLE                   
SARAYÖNÜ,KUYULUSEBIL,KIRSAL MAHALLE                   
SARAYÖNÜ,ÖZKENT,KIRSAL MAHALLE                   
SARAYÖNÜ,YENICEKAYA,KIRSAL MAHALLE                   
SELÇUKLU,AKADEMI,MAHALLE
SELÇUKLU,AKINCILAR,MAHALLE
SELÇUKLU,AKŞEMSETTIN,MAHALLE
SELÇUKLU,ARDIÇLI,MAHALLE
SELÇUKLU,AŞAĞIPINARBAŞI,MAHALLE
SELÇUKLU,AYDINLIKEVLER,MAHALLE
SELÇUKLU,BAŞARAKAVAK,MAHALLE
SELÇUKLU,BEDIR,MAHALLE
SELÇUKLU,BEYHEKIM,MAHALLE
SELÇUKLU,BILECIK,MAHALLE
SELÇUKLU,BINKONUTLAR,MAHALLE
SELÇUKLU,BOSNA HERSEK,MAHALLE
SELÇUKLU,BUHARA,MAHALLE
SELÇUKLU,BÜYÜKKAYACIK,MAHALLE
SELÇUKLU,CUMHURIYET,MAHALLE
SELÇUKLU,DOKUZ,MAHALLE
SELÇUKLU,DUMLUPINAR,MAHALLE
SELÇUKLU,ERENKÖY,MAHALLE
SELÇUKLU,ESENLER,MAHALLE
SELÇUKLU,FATIH,MAHALLE
SELÇUKLU,FERHUNIYE,MAHALLE
SELÇUKLU,FERITPAŞA,MAHALLE
SELÇUKLU,HACIKAYMAK,MAHALLE
SELÇUKLU,HANAYBAŞI,MAHALLE
SELÇUKLU,HOCACIHAN,MAHALLE
SELÇUKLU,HOROZLUHAN,MAHALLE
SELÇUKLU,HÜSAMETTIN ÇELEBI,MAHALLE
SELÇUKLU,IŞIKLAR,MAHALLE
SELÇUKLU,IHSANIYE,MAHALLE
SELÇUKLU,KILINÇARSLAN,MAHALLE
SELÇUKLU,KOSOVA,MAHALLE
SELÇUKLU,MALAZGIRT,MAHALLE
SELÇUKLU,MEHMET AKIF,MAHALLE
SELÇUKLU,MUSALLA BAĞLARI,MAHALLE
SELÇUKLU,NIŞANTAŞ,MAHALLE
SELÇUKLU,PARSANA,MAHALLE
SELÇUKLU,SAKARYA,MAHALLE
SELÇUKLU,SANCAK,MAHALLE
SELÇUKLU,SARAYKÖY,MAHALLE
SELÇUKLU,SARICALAR,MAHALLE
SELÇUKLU,SELAHADDINI EYYUBI,MAHALLE
SELÇUKLU,SELÇUK,MAHALLE
SELÇUKLU,SIZMA,MAHALLE
SELÇUKLU,SILLE,MAHALLE
SELÇUKLU,SILLE AK,MAHALLE
SELÇUKLU,SULUTAS,MAHALLE
SELÇUKLU,ŞEKER,MAHALLE
SELÇUKLU,ŞEYH ŞAMIL,MAHALLE
SELÇUKLU,TATKÖY,MAHALLE
SELÇUKLU,TEPEKENT,MAHALLE
SELÇUKLU,TÖMEK,MAHALLE
SELÇUKLU,YAZIR,MAHALLE
SELÇUKLU,YUKARIPINARBAŞI,MAHALLE
SELÇUKLU,AKPINAR,KIRSAL MAHALLE                   
SELÇUKLU,BAĞRIKURT,KIRSAL MAHALLE                   
SELÇUKLU,BIÇER,KIRSAL MAHALLE                   
SELÇUKLU,ÇALDERE,KIRSAL MAHALLE                   
SELÇUKLU,ÇALTI,KIRSAL MAHALLE                   
SELÇUKLU,ÇANDIR,KIRSAL MAHALLE                   
SELÇUKLU,DAĞDERE,KIRSAL MAHALLE                   
SELÇUKLU,EĞRIBAYAT,KIRSAL MAHALLE                   
SELÇUKLU,GÜVENÇ,KIRSAL MAHALLE                   
SELÇUKLU,KALEKÖY,KIRSAL MAHALLE                   
SELÇUKLU,KARAÖMERLER,KIRSAL MAHALLE                   
SELÇUKLU,KERVAN,KIRSAL MAHALLE                   
SELÇUKLU,KINIK,KIRSAL MAHALLE                   
SELÇUKLU,KIZILCAKUYU,KIRSAL MAHALLE                   
SELÇUKLU,KÜÇÜKMUHSINE,KIRSAL MAHALLE                   
SELÇUKLU,MEYDANKÖY,KIRSAL MAHALLE                   
SELÇUKLU,SALAHATTIN,KIRSAL MAHALLE                   
SELÇUKLU,ULUMUHSINE,KIRSAL MAHALLE                   
SELÇUKLU,YAZIBELEN,KIRSAL MAHALLE                   
SEYDIŞEHIR,AKÇALAR,MAHALLE
SEYDIŞEHIR,AKTAŞ,MAHALLE
SEYDIŞEHIR,ALAYLAR BIR,MAHALLE
SEYDIŞEHIR,ALAYLAR IKI,MAHALLE
SEYDIŞEHIR,ANABAĞLAR,MAHALLE
SEYDIŞEHIR,BAHÇELIEVLER,MAHALLE
SEYDIŞEHIR,BOSTANDERE,MAHALLE
SEYDIŞEHIR,ÇAVUŞ,MAHALLE
SEYDIŞEHIR,DEĞIRMENCI,MAHALLE
SEYDIŞEHIR,GEVREKLI,MAHALLE
SEYDIŞEHIR,HACISEYITALI,MAHALLE
SEYDIŞEHIR,KARAKAVAK,MAHALLE
SEYDIŞEHIR,KESECIK,MAHALLE
SEYDIŞEHIR,KETENLI,MAHALLE
SEYDIŞEHIR,KIZILCALAR,MAHALLE
SEYDIŞEHIR,ORTAKARAÖREN,MAHALLE
SEYDIŞEHIR,PINARBAŞI,MAHALLE
SEYDIŞEHIR,SAADETLER,MAHALLE
SEYDIŞEHIR,SEYITHARUN,MAHALLE
SEYDIŞEHIR,SOFUHANE,MAHALLE
SEYDIŞEHIR,STAT,MAHALLE
SEYDIŞEHIR,TARAŞCI,MAHALLE
SEYDIŞEHIR,ULUKAPI,MAHALLE
SEYDIŞEHIR,YENICAMI,MAHALLE
SEYDIŞEHIR,AŞAĞIKARAÖREN,KIRSAL MAHALLE                   
SEYDIŞEHIR,BAŞKARAÖREN,KIRSAL MAHALLE                   
SEYDIŞEHIR,BOYALI,KIRSAL MAHALLE                   
SEYDIŞEHIR,BÜKÇE,KIRSAL MAHALLE                   
SEYDIŞEHIR,ÇAT,KIRSAL MAHALLE                   
SEYDIŞEHIR,ÇATMAKAYA,KIRSAL MAHALLE                   
SEYDIŞEHIR,DIKILITAŞ,KIRSAL MAHALLE                   
SEYDIŞEHIR,GÖKÇEHÜYÜK,KIRSAL MAHALLE                   
SEYDIŞEHIR,GÖKHÜYÜK,KIRSAL MAHALLE                   
SEYDIŞEHIR,GÖLYÜZÜ,KIRSAL MAHALLE                   
SEYDIŞEHIR,IRMAKLI,KIRSAL MAHALLE                   
SEYDIŞEHIR,INCESU,KIRSAL MAHALLE                   
SEYDIŞEHIR,KARABULAK,KIRSAL MAHALLE                   
SEYDIŞEHIR,KARACAÖREN,KIRSAL MAHALLE                   
SEYDIŞEHIR,KAVAK,KIRSAL MAHALLE                   
SEYDIŞEHIR,KIZILCA,KIRSAL MAHALLE                   
SEYDIŞEHIR,KOZLU,KIRSAL MAHALLE                   
SEYDIŞEHIR,KUMLUCA,KIRSAL MAHALLE                   
SEYDIŞEHIR,KURAN,KIRSAL MAHALLE                   
SEYDIŞEHIR,MADENLI,KIRSAL MAHALLE                   
SEYDIŞEHIR,MESUDIYE,KIRSAL MAHALLE                   
SEYDIŞEHIR,MURADIYE,KIRSAL MAHALLE                   
SEYDIŞEHIR,OĞLAKÇI,KIRSAL MAHALLE                   
SEYDIŞEHIR,SARAYCIK,KIRSAL MAHALLE                   
SEYDIŞEHIR,SUSUZ,KIRSAL MAHALLE                   
SEYDIŞEHIR,TAŞAĞIL,KIRSAL MAHALLE                   
SEYDIŞEHIR,TEPECIK,KIRSAL MAHALLE                   
SEYDIŞEHIR,TOL,KIRSAL MAHALLE                   
SEYDIŞEHIR,UFACIK,KIRSAL MAHALLE                   
SEYDIŞEHIR,YAYLACIK,KIRSAL MAHALLE                   
SEYDIŞEHIR,YENICE,KIRSAL MAHALLE                   
TAŞKENT,AFŞAR TEPECIK,MAHALLE
TAŞKENT,AFŞAR YUKARI,MAHALLE
TAŞKENT,BALCILAR ORTA,MAHALLE
TAŞKENT,BALCILAR VELILER,MAHALLE
TAŞKENT,BALCILAR YUKARI,MAHALLE
TAŞKENT,BEKTAŞ,MAHALLE
TAŞKENT,BOLAY,MAHALLE
TAŞKENT,ÇETMI CÖMEŞPINAR,MAHALLE
TAŞKENT,ÇETMI YENI,MAHALLE
TAŞKENT,HIRA,MAHALLE
TAŞKENT,ILICAPINAR,MAHALLE
TAŞKENT,ŞIHLAR,MAHALLE
TAŞKENT,KECIMEN,KIRSAL MAHALLE                   
TAŞKENT,KONGUL,KIRSAL MAHALLE                   
TAŞKENT,SAZAK,KIRSAL MAHALLE                   
TUZLUKÇU,AŞAĞI,MAHALLE
TUZLUKÇU,ORTA,MAHALLE
TUZLUKÇU,PAZAR,MAHALLE
TUZLUKÇU,YUKARI,MAHALLE
TUZLUKÇU,ÇÖĞÜRLÜ,KIRSAL MAHALLE                   
TUZLUKÇU,ERDOĞDU,KIRSAL MAHALLE                   
TUZLUKÇU,GÜRSU,KIRSAL MAHALLE                   
TUZLUKÇU,KONARI,KIRSAL MAHALLE                   
TUZLUKÇU,KORAŞI,KIRSAL MAHALLE                   
TUZLUKÇU,KÖKLÜCE,KIRSAL MAHALLE                   
TUZLUKÇU,KUNDULLU,KIRSAL MAHALLE                   
TUZLUKÇU,MEVLÜTLÜ,KIRSAL MAHALLE                   
TUZLUKÇU,PAZARKAYA,KIRSAL MAHALLE                   
TUZLUKÇU,SUBATAN,KIRSAL MAHALLE                   
TUZLUKÇU,TURSUNLU,KIRSAL MAHALLE                   
YALIHÜYÜK,AŞAĞI,MAHALLE
YALIHÜYÜK,YUKARI,MAHALLE
YALIHÜYÜK,ARASÖĞÜT,KIRSAL MAHALLE                   
YALIHÜYÜK,SARAYKÖY,KIRSAL MAHALLE                   
YUNAK,ESENTEPE,MAHALLE
YUNAK,EŞME,MAHALLE
YUNAK,FATIH,MAHALLE
YUNAK,KARATAŞ,MAHALLE
YUNAK,KOÇYAZI,MAHALLE
YUNAK,KUZÖREN,MAHALLE
YUNAK,PIRIBEYLI,MAHALLE
YUNAK,SARAY,MAHALLE
YUNAK,SELÇUK,MAHALLE
YUNAK,SÜLÜKLÜ,MAHALLE
YUNAK,TURGUT,MAHALLE
YUNAK,YENI,MAHALLE
YUNAK,ALTINÖZ,KIRSAL MAHALLE                   
YUNAK,AYRITEPE,KIRSAL MAHALLE                   
YUNAK,BEŞIŞIKLI,KIRSAL MAHALLE                   
YUNAK,BÖĞRÜDELIK,KIRSAL MAHALLE                   
YUNAK,CEBRAIL,KIRSAL MAHALLE                   
YUNAK,ÇAYIRBAŞI,KIRSAL MAHALLE                   
YUNAK,EĞRIKUYU,KIRSAL MAHALLE                   
YUNAK,HACIFAKILI,KIRSAL MAHALLE                   
YUNAK,HACIÖMEROĞLU,KIRSAL MAHALLE                   
YUNAK,HARUNLAR,KIRSAL MAHALLE                   
YUNAK,HATIRLI,KIRSAL MAHALLE                   
YUNAK,HURSUNLU,KIRSAL MAHALLE                   
YUNAK,IMAMOĞLU,KIRSAL MAHALLE                   
YUNAK,KARAYAYLA,KIRSAL MAHALLE                   
YUNAK,KARGALI,KIRSAL MAHALLE                   
YUNAK,KILLAR,KIRSAL MAHALLE                   
YUNAK,KURTUŞAĞI,KIRSAL MAHALLE                   
YUNAK,KUYUBAŞI,KIRSAL MAHALLE                   
YUNAK,MEŞELIK,KIRSAL MAHALLE                   
YUNAK,ODABAŞI,KIRSAL MAHALLE                   
YUNAK,ORTAKIŞLA,KIRSAL MAHALLE                   
YUNAK,ÖZYAYLA,KIRSAL MAHALLE                   
YUNAK,SERTLER,KIRSAL MAHALLE                   
YUNAK,SEVINÇ,KIRSAL MAHALLE                   
YUNAK,SIRAM,KIRSAL MAHALLE                   
YUNAK,SINANLI,KIRSAL MAHALLE                   
YUNAK,YAVAŞLI,KIRSAL MAHALLE                   
YUNAK,YEŞILOBA,KIRSAL MAHALLE                   
YUNAK,YEŞILYAYLA,KIRSAL MAHALLE                   
YUNAK,YIĞAR,KIRSAL MAHALLE                   
