ilce_adi,mahalle_adi,tarimsal_sulama_suyu_kaynagi1,tarimsal_sulama_suyu_kaynagi2,tarimsal_sulama_suyu_kaynagi3
Ahırlı,ALİÇERÇİ,YOK,YOK,YOK
Ahırlı,BADEMLİ,YOK,YOK,YOK
Ahırlı,BALIKLAVA,GÖL,YOK,YOK
Ahırlı,BÜYÜKÖZ,ŞAHSİ KUYULAR,YOK,YOK
Ahırlı,ÇİFTLİK,YOK,YOK,YOK
Ahırlı,ERDOĞAN,ŞAHSİ KUYULAR,YOK,YOK
Ahırlı,KARACAKUYU,ŞAHSİ KUYULAR,YOK,YOK
Ahırlı,KAYACIK,ŞAHSİ KUYULAR,YOK,YOK
Ahırlı,KURUÇAY,ŞAHSİ KUYULAR,YOK,YOK
Ahırlı,KÜÇÜKÖZ,ŞAHSİ KUYULAR,YOK,YOK
Akören,AVDAN,ŞAHSİ KUYULAR,YOK,YOK
Akören,KAYASU,KOOPERATİF KUYULARI,YOK,YOK
Akören,AHMEDİYE,KOOPERATİF KUYULARI,YOK,YOK
Akören,ALAN,YOK,YOK,YOK
Akören,BELKUYU,ŞAHSİ KUYULAR,YOK,YOK
Akören,ÇATÖREN,YERALTI SULARI,YOK,YOK
Akören,DUTLU,YOK,YOK,YOK
Akören,ORHANİYE,KOOPERATİF KUYULARI,YOK,YOK
Akören,SÜLEYMANİYE,YERALTI SULARI,YOK,YOK
Akören,TÜLCE,YERALTI SULARI,YOK,YOK
Akören,KARAHÜYÜK,KOOPERATİF KUYULARI,YOK,YOK
Akşehir,ÇAKILLAR,KOOPERATİF KUYULARI,YOK,YOK
Akşehir,GEDİL,KOOPERATİF KUYULARI,YOK,YOK
Akşehir,KARAHÜYÜK,YERALTI SULARI,YOK,YOK
Akşehir,ADSIZ,YERALTI SULARI, KOOPERATİF KUYULARI,YOK
Akşehir,ALANYURT,ŞAHSİ KUYULAR, KOOPERATİF KUYULARI,YOK
Akşehir,ALTUNTAŞ,ÇAY,YOK,YOK
Akşehir,ATAKENT,ÇAY, AKARSU,YOK
Akşehir,BOZLAĞAN,KOOPERATİF KUYULARI,YOK,YOK
Akşehir,CANKURTARAN,ŞAHSİ KUYULAR,YOK,YOK
Akşehir,ÇAMLI,ÇAY, KANAL,YOK
Akşehir,ÇİMENDERE,ÇAY, AKARSU, KOOPERATİF KUYULARI
Akşehir,DEĞİRMENKÖY,AKARSU,YOK,YOK
Akşehir,DOĞRUGÖZ,ŞAHSİ KUYULAR,YOK,YOK
Akşehir,ENGİLİ,ŞAHSİ KUYULAR, YERALTI SULARI, KOOPERATİF KUYULARI
Akşehir,GÖLÇAYIR,KOOPERATİF KUYULARI,YOK,YOK
Akşehir,GÖZPINARI,ÇAY, YERALTI SULARI,YOK
Akşehir,ILICAK,ŞAHSİ KUYULAR, DERE,YOK
Akşehir,KARABULUT,YERALTI SULARI,YOK,YOK
Akşehir,ORTACA,ŞAHSİ KUYULAR, YERALTI SULARI,YOK
Akşehir,ORTAKÖY,ŞAHSİ KUYULAR,YOK,YOK
Akşehir,REİS,ŞAHSİ KUYULAR,YOK,YOK
Akşehir,SAVAŞ,YERALTI SULARI, KOOPERATİF KUYULARI,YOK
Akşehir,SORKUN,YERALTI SULARI,YOK,YOK
Akşehir,SÖĞÜTLÜ,ŞAHSİ KUYULAR, KOOPERATİF KUYULARI,YOK
Akşehir,TEKKE,ŞAHSİ KUYULAR, YERALTI SULARI,YOK
Akşehir,TİPİKÖY,ŞAHSİ KUYULAR, YERALTI SULARI,YOK
Akşehir,ULUPINAR,ŞAHSİ KUYULAR,YOK,YOK
Akşehir,ÜÇHÜYÜK,ŞAHSİ KUYULAR,YOK,YOK
Akşehir,YAŞARLAR,ŞAHSİ KUYULAR,YOK,YOK
Akşehir,YAYLABELEN,YERALTI SULARI, KOOPERATİF KUYULARI,YOK
Akşehir,YAZLA,YERALTI SULARI,YOK,YOK
Akşehir,YENİKÖY,KOOPERATİF KUYULARI,YOK,YOK
Akşehir,YEŞİLKÖY,ÇAY, ŞAHSİ KUYULAR,YOK
Akşehir,SARAY,KOOPERATİF KUYULARI,YOK,YOK
Altınekin,OĞUZELİ,ŞAHSİ KUYULAR,YOK,YOK
Altınekin,AKCAŞAR,ŞAHSİ KUYULAR, YERALTI SULARI,YOK
Altınekin,AYIŞIĞI,YOK,YOK,YOK
Altınekin,AKKÖY,ŞAHSİ KUYULAR,YOK,YOK
Altınekin,BORUKKUYU,KOOPERATİF KUYULARI,YOK,YOK
Altınekin,HACINUMAN,ŞAHSİ KUYULAR,YOK,YOK
Altınekin,KARAKAYA,ŞAHSİ KUYULAR, YERALTI SULARI,YOK
Altınekin,KOÇAŞ,YERALTI SULARI, KOOPERATİF KUYULARI,YOK
Altınekin,KOÇYAKA,ŞAHSİ KUYULAR, YERALTI SULARI,YOK
Altınekin,MANTAR,YERALTI SULARI,YOK,YOK
Altınekin,YENİÖLMEZ,ŞAHSİ KUYULAR,YOK,YOK
Altınekin,SARNIÇ,ŞAHSİ KUYULAR, YERALTI SULARI,YOK
Altınekin,TOPRAKLIK,ŞAHSİ KUYULAR,YOK,YOK
Altınekin,YENİKUYU,YERALTI SULARI,YOK,YOK
Altınekin,YENİYAYLA,ŞAHSİ KUYULAR,YOK,YOK
Altınekin,DEDELER,YERALTI SULARI,YOK,YOK
Altınekin,AKINCILAR,YERALTI SULARI,YOK,YOK
Beyşehir,ADAKÖY,ŞAHSİ KUYULAR,YOK,YOK
Beyşehir,AĞILÖNÜ,ŞAHSİ KUYULAR,YOK,YOK
Beyşehir,AKBURUN,ŞAHSİ KUYULAR, GÖL,YOK
Beyşehir,AKÇABELEN,KOOPERATİF KUYULARI,YOK,YOK
Beyşehir,AVDANCIK,KANAL,YOK,YOK
Beyşehir,BADEMLİ,YOK,YOK,YOK
Beyşehir,BAYAT,KANAL,YOK,YOK
Beyşehir,BAYAVŞAR,ÇAY,YOK,YOK
Beyşehir,BAYINDIR,GÖL,YOK,YOK
Beyşehir,BAŞGÖZE,GÖLET,YOK,YOK
Beyşehir,BEKDEMİR,GÖL,YOK,YOK
Beyşehir,DAMLAPINAR,BARAJ,YOK,YOK
Beyşehir,DOĞANBEY,BARAJ,YOK,YOK
Beyşehir,DOĞANCIK,GÖLET,YOK,YOK
Beyşehir,DUMANLI,ÇAY, AKARSU,YOK
Beyşehir,EMEN,ŞAHSİ KUYULAR,YOK,YOK
Beyşehir,ESENCE,ŞAHSİ KUYULAR,YOK,YOK
Beyşehir,EYLİKLER,DERE,YOK,YOK
Beyşehir,EĞİRLER,ŞAHSİ KUYULAR, YERALTI SULARI,YOK
Beyşehir,FASILLAR,ŞAHSİ KUYULAR,YOK,YOK
Beyşehir,GÖKÇEKUYU,GÖLET,YOK,YOK
Beyşehir,GÖKÇİMEN,ŞAHSİ KUYULAR,YOK,YOK
Beyşehir,GÖLKAŞI,GÖL,YOK,YOK
Beyşehir,GÖLYAKA,ŞAHSİ KUYULAR,YOK,YOK
Beyşehir,GÖNEN,GÖLET,YOK,YOK
Beyşehir,GÖÇÜ,ÇAY, ŞAHSİ KUYULAR,YOK
Beyşehir,GÜNDOĞDU,ŞAHSİ KUYULAR,YOK,YOK
Beyşehir,HUĞLU,BARAJ, GÖLET, YERALTI SULARI
Beyşehir,HÜSEYİNLER,ŞAHSİ KUYULAR,YOK,YOK
Beyşehir,İSAKÖY,KANAL,YOK,YOK
Beyşehir,KARAALİ,ŞAHSİ KUYULAR, BARAJ,YOK
Beyşehir,KARABAYAT,ŞAHSİ KUYULAR, YERALTI SULARI, KOOPERATİF KUYULARI
Beyşehir,KARADİKEN,GÖL,YOK,YOK
Beyşehir,KARAHİSAR,GÖL, KANAL,YOK
Beyşehir,KAYABAŞI,ŞAHSİ KUYULAR,YOK,YOK
Beyşehir,KURUCUOVA,GÖL,YOK,YOK
Beyşehir,KUŞLUCA,ŞAHSİ KUYULAR,YOK,YOK
Beyşehir,KÜÇÜKAVŞAR,ŞAHSİ KUYULAR,YOK,YOK
Beyşehir,MESUTLAR,ŞAHSİ KUYULAR,YOK,YOK
Beyşehir,SADIKHACI,YERALTI SULARI,YOK,YOK
Beyşehir,SARIKÖY,ÇAY, AKARSU,YOK
Beyşehir,SEVİNDİK,KOOPERATİF KUYULARI,YOK,YOK
Beyşehir,ŞAMLAR,ŞAHSİ KUYULAR, GÖLET,YOK
Beyşehir,ÜÇPINAR,ŞAHSİ KUYULAR,YOK,YOK
Beyşehir,ÜSTÜNLER,ÇAY, BARAJ,YOK
Beyşehir,ÜZÜMLÜ,GÖLET,YOK,YOK
Beyşehir,YAZYURDU,ŞAHSİ KUYULAR,YOK,YOK
Beyşehir,YENİDOĞAN,GÖLET,YOK,YOK
Beyşehir,YEŞİLDAĞ,AKARSU,YOK,YOK
Beyşehir,YUKARIESENCE,GÖL,YOK,YOK
Beyşehir,YUNUSLAR,ÇAY,YOK,YOK
Beyşehir,ÇİFTLİK,GÖLET,YOK,YOK
Beyşehir,ÇİVRİL,KANAL,YOK,YOK
Beyşehir,ÇUKURAĞIL,ŞAHSİ KUYULAR,YOK,YOK
Bozkır,ÇAĞLAYAN,ŞAHSİ KUYULAR,YOK,YOK
Bozkır,HAMZALAR,ŞAHSİ KUYULAR,YOK,YOK
Bozkır,AKÇAPINAR,GÖLET,YOK,YOK
Bozkır,ARMUTLU,ŞAHSİ KUYULAR, DERE,YOK
Bozkır,ARSLANTAŞ,ŞAHSİ KUYULAR,YOK,YOK
Bozkır,AYDINKIŞLA,ŞAHSİ KUYULAR,YOK,YOK
Bozkır,AYVALCA,ŞAHSİ KUYULAR,YOK,YOK
Bozkır,BAĞYURDU,ŞAHSİ KUYULAR,YOK,YOK
Bozkır,BAYBAĞAN,DERE,YOK,YOK
Bozkır,BOZDAM,ŞAHSİ KUYULAR,YOK,YOK
Bozkır,DEREİÇİ,GÖLET,YOK,YOK
Bozkır,DEREKÖY,ÇAY,YOK,YOK
Bozkır,ELMAAĞAÇ,YOK,YOK,YOK
Bozkır,HACILAR,ŞAHSİ KUYULAR,YOK,YOK
Bozkır,HACIYUNUSLAR,ŞAHSİ KUYULAR,YOK,YOK
Bozkır,HARMANPINAR,ŞAHSİ KUYULAR,YOK,YOK
Bozkır,HİSARLIK,ŞAHSİ KUYULAR,YOK,YOK
Bozkır,IŞIKLAR,DERE,YOK,YOK
Bozkır,KARABAYIR,ŞAHSİ KUYULAR,YOK,YOK
Bozkır,KARACAARDIÇ,ŞAHSİ KUYULAR,YOK,YOK
Bozkır,KARACAHİSAR,YERALTI SULARI,YOK,YOK
Bozkır,KARAYAHYA,YOK,YOK,YOK
Bozkır,KAYACILAR,ŞAHSİ KUYULAR,YOK,YOK
Bozkır,KAYAPINAR,ŞAHSİ KUYULAR, AKARSU,YOK
Bozkır,KINIK,ŞAHSİ KUYULAR,YOK,YOK
Bozkır,KIZILÇAKIR,YOK,YOK,YOK
Bozkır,KİLDERE,DERE,YOK,YOK
Bozkır,KOVANLIK,ÇAY,YOK,YOK
Bozkır,KOZAĞAÇ,ŞAHSİ KUYULAR, YERALTI SULARI,YOK
Bozkır,KUŞÇA,ŞAHSİ KUYULAR, DERE,YOK
Bozkır,KÜÇÜKHİSARLIK,ŞAHSİ KUYULAR,YOK,YOK
Bozkır,PINARCIK,ŞAHSİ KUYULAR, DERE,YOK
Bozkır,SARIOĞLAN,ŞAHSİ KUYULAR, YERALTI SULARI,YOK
Bozkır,SAZLI,ŞAHSİ KUYULAR,YOK,YOK
Bozkır,SOĞUCAK,ŞAHSİ KUYULAR,YOK,YOK
Bozkır,SORKUN,ŞAHSİ KUYULAR, YERALTI SULARI,YOK
Bozkır,SÖĞÜT,ŞAHSİ KUYULAR, DERE,YOK
Bozkır,TARLABAŞI,ŞAHSİ KUYULAR, YERALTI SULARI,YOK
Bozkır,TAŞBAŞI,YOK,YOK,YOK
Bozkır,TEPEARASI,ŞAHSİ KUYULAR,YOK,YOK
Bozkır,TEPELİCE,ŞAHSİ KUYULAR,YOK,YOK
Bozkır,ULUPINAR,ŞAHSİ KUYULAR, YERALTI SULARI,YOK
Bozkır,ÜÇPINAR,ŞAHSİ KUYULAR, DERE,YOK
Bozkır,YALNIZCA,ŞAHSİ KUYULAR, YERALTI SULARI,YOK
Bozkır,YAZDAMI,ŞAHSİ KUYULAR,YOK,YOK
Bozkır,YELBEYİ,ŞAHSİ KUYULAR, YERALTI SULARI,YOK
Bozkır,YENİKÖY,ŞAHSİ KUYULAR,YOK,YOK
Bozkır,YOLÖREN,ÇAY, ŞAHSİ KUYULAR,YOK
Çeltik,GÖKPINAR,ŞAHSİ KUYULAR, KOOPERATİF KUYULARI,YOK
Çeltik,ADAKASIM,YERALTI SULARI,YOK,YOK
Çeltik,DOĞANYURT,ŞAHSİ KUYULAR, YERALTI SULARI,YOK
Çeltik,KAŞÖREN,ŞAHSİ KUYULAR,YOK,YOK
Çeltik,KÜÇÜKHASAN,ŞAHSİ KUYULAR, YERALTI SULARI,YOK
Çeltik,TORUNLAR,AKARSU, YERALTI SULARI,YOK
Çeltik,İSHAKUŞAĞI,YERALTI SULARI,YOK,YOK
Çeltik,HONAMLI,ŞAHSİ KUYULAR,YOK,YOK
Cihanbeyli,BÖĞRÜDELİK,KOOPERATİF KUYULARI,YOK,YOK
Cihanbeyli,YAPALI,ŞAHSİ KUYULAR,YOK,YOK
Cihanbeyli,YENİCEOBA,ŞAHSİ KUYULAR,YOK,YOK
Cihanbeyli,CUMHURİYET,YOK,YOK,YOK
Cihanbeyli,GEMECİK,ŞAHSİ KUYULAR,YOK,YOK
Cihanbeyli,GÖKTEPE,ŞAHSİ KUYULAR,YOK,YOK
Cihanbeyli,AĞABEYLİ,ŞAHSİ KUYULAR,YOK,YOK
Cihanbeyli,HODOĞLU,YOK,YOK,YOK
Cihanbeyli,KAYI,ŞAHSİ KUYULAR, YERALTI SULARI,YOK
Cihanbeyli,KIRKIŞLA,ŞAHSİ KUYULAR, YERALTI SULARI,YOK
Cihanbeyli,KORKMAZLAR,ŞAHSİ KUYULAR,YOK,YOK
Cihanbeyli,KÜÇÜKBEŞKAVAK,ŞAHSİ KUYULAR,YOK,YOK
Cihanbeyli,MUTLUKONAK,ŞAHSİ KUYULAR, DERE, AKARSU
Cihanbeyli,SAĞLIK,YOK,YOK,YOK
Cihanbeyli,SIĞIRCIK,YERALTI SULARI,YOK,YOK
Cihanbeyli,TURANLAR,YOK,YOK,YOK
Cihanbeyli,TÜFEKÇİPINAR,ŞAHSİ KUYULAR, YERALTI SULARI,YOK
Cihanbeyli,UZUNCAYAYLA,ŞAHSİ KUYULAR,YOK,YOK
Cihanbeyli,YÜNLÜKUYU,YOK,YOK,YOK
Cihanbeyli,ZAFERİYE,ŞAHSİ KUYULAR, YERALTI SULARI,YOK
Cihanbeyli,GÖLYAZI,ŞAHSİ KUYULAR,YOK,YOK
Cihanbeyli,GÜNYÜZÜ,ŞAHSİ KUYULAR, YERALTI SULARI,YOK
Cihanbeyli,İNSUYU,ŞAHSİ KUYULAR,YOK,YOK
Cihanbeyli,KANDİL,ŞAHSİ KUYULAR,YOK,YOK
Cihanbeyli,KARABAĞ,YOK,YOK,YOK
Cihanbeyli,KELHASAN,ŞAHSİ KUYULAR,YOK,YOK
Cihanbeyli,KUŞCA,ŞAHSİ KUYULAR, YERALTI SULARI,YOK
Cihanbeyli,KÜTÜKUŞAĞI,ŞAHSİ KUYULAR,YOK,YOK
Cihanbeyli,TAŞPINAR,ŞAHSİ KUYULAR, YERALTI SULARI,YOK
Cihanbeyli,BEYLİOVA,ŞAHSİ KUYULAR,YOK,YOK
Cihanbeyli,ÇİMEN,YERALTI SULARI,YOK,YOK
Cihanbeyli,ÇÖL,ŞAHSİ KUYULAR, YERALTI SULARI,YOK
Cihanbeyli,DAMLAKUYU,ŞAHSİ KUYULAR,YOK,YOK
Cihanbeyli,BULDUK,YOK,YOK,YOK
Cihanbeyli,BÜYÜKBEŞKAVAK,YOK,YOK,YOK
Cihanbeyli,KARATEPE,YOK,YOK,YOK
Çumra,ARIKÖREN,YERALTI SULARI,YOK,YOK
Çumra,DEDEMOĞLU,ŞAHSİ KUYULAR, YERALTI SULARI,YOK
Çumra,TÜRKMENCAMİLİ,ŞAHSİ KUYULAR, KOOPERATİF KUYULARI,YOK
Çumra,A.B.HÜYÜĞÜ,KOOPERATİF KUYULARI,YOK,YOK
Çumra,DİNEK,BARAJ, YERALTI SULARI,YOK
Çumra,İÇERİÇUMRA,ŞAHSİ KUYULAR,YOK,YOK
Çumra,GÜVERCİNLİK,YERALTI SULARI,YOK,YOK
Çumra,KARKIN,BARAJ, YERALTI SULARI,YOK
Çumra,OKÇU,KANAL, YERALTI SULARI,YOK
Çumra,YENİSU,ŞAHSİ KUYULAR, KOOPERATİF KUYULARI,YOK
Çumra,APA,BARAJ,YOK,YOK
Çumra,ABDİTOLU,KANAL, YERALTI SULARI,YOK
Çumra,ADAKALE,YERALTI SULARI,YOK,YOK
Çumra,ALEMDAR,ŞAHSİ KUYULAR,YOK,YOK
Çumra,APASARAYCIK,ŞAHSİ KUYULAR,YOK,YOK
Çumra,AFŞAR,YOK,YOK,YOK
Çumra,AVDUL,KOOPERATİF KUYULARI,YOK,YOK
Çumra,BALÇIKHİSAR,KANAL,YOK,YOK
Çumra,BEYLERCE,YERALTI SULARI,YOK,YOK
Çumra,B.AŞLAMA,YERALTI SULARI,YOK,YOK
Çumra,CİCEK,YERALTI SULARI,YOK,YOK
Çumra,ÇUKURKAVAK,YERALTI SULARI,YOK,YOK
Çumra,DİNLENDİK,YERALTI SULARI,YOK,YOK
Çumra,DİNEKSARAY,BARAJ, KOOPERATİF KUYULARI,YOK
Çumra,DOĞANLI,ŞAHSİ KUYULAR, BARAJ,YOK
Çumra,FETHİYE,KOOPERATİF KUYULARI,YOK,YOK
Çumra,GÖKHÜYÜK,ŞAHSİ KUYULAR, BARAJ, YERALTI SULARI
Çumra,ERENTEPE,ŞAHSİ KUYULAR,YOK,YOK
Çumra,İNLİ,YERALTI SULARI,YOK,YOK
Çumra,KUZUCU,YERALTI SULARI,YOK,YOK
Çumra,KÜÇÜKKÖY,ŞAHSİ KUYULAR, BARAJ, DERE
Çumra,SEÇME,ŞAHSİ KUYULAR,YOK,YOK
Çumra,SÜRGÜÇ,KOOPERATİF KUYULARI,YOK,YOK
Çumra,TAHTALI,YERALTI SULARI,YOK,YOK
Çumra,T.KARAHÜYÜK,BARAJ, KANAL,YOK
Çumra,TAŞAĞIL,BARAJ, YERALTI SULARI,YOK
Çumra,UZUNKUYU,KOOPERATİF KUYULARI,YOK,YOK
Çumra,ÜÇHÜYÜK,ŞAHSİ KUYULAR,YOK,YOK
Çumra,ÜRÜNLÜ,YERALTI SULARI,YOK,YOK
Çumra,YÖRÜKCAMİLİ,YERALTI SULARI,YOK,YOK
Çumra,ÇAYBAŞI,KOOPERATİF KUYULARI,YOK,YOK
Derbent,ÇİFTLİKÖZÜ,GÖLET,YOK,YOK
Derbent,DEĞİŞ,YOK,YOK,YOK
Derbent,TEKKE,ŞAHSİ KUYULAR,YOK,YOK
Derbent,GÜNEYKÖY,YERALTI SULARI,YOK,YOK
Derbent,MÜLAYİM,YOK,YOK,YOK
Derbent,SARAYPINAR,ŞAHSİ KUYULAR,YOK,YOK
Derbent,YASSIÖREN,GÖLET, YERALTI SULARI,YOK
Derbent,SÜLEYMAN,ŞAHSİ KUYULAR,YOK,YOK
Derbent,KARALAR,ŞAHSİ KUYULAR, BARAJ,YOK
Derebucak,ÇAMLIK,ŞAHSİ KUYULAR, GÖLET,YOK
Derebucak,DURAK,YOK,YOK,YOK
Derebucak,GENCEK,GÖLET,YOK,YOK
Derebucak,GÖYNEM,BARAJ,YOK,YOK
Derebucak,PINARBAŞI,BARAJ,YOK,YOK
Derebucak,TAŞLIPINAR,YERALTI SULARI,YOK,YOK
Derebucak,TEPEARASI,ŞAHSİ KUYULAR,YOK,YOK
Derebucak,UĞURLU,YERALTI SULARI,YOK,YOK
Doğanhisar,BAŞKÖY,BARAJ, GÖLET,YOK
Doğanhisar,YAZLICA,GÖLET,YOK,YOK
Doğanhisar,AYASLAR,GÖLET,YOK,YOK
Doğanhisar,ÇINAROBA,GÖLET,YOK,YOK
Doğanhisar,DEŞTİĞİN,GÖLET,YOK,YOK
Doğanhisar,FIRINLI,AKARSU, GÖLET,YOK
Doğanhisar,GÜVENDİK,GÖLET,YOK,YOK
Doğanhisar,İLYASLAR,BARAJ, GÖLET,YOK
Doğanhisar,KARAAĞA,KOOPERATİF KUYULARI,YOK,YOK
Doğanhisar,KEMER,YOK,YOK,YOK
Doğanhisar,KOÇAŞ,YERALTI SULARI,YOK,YOK
Doğanhisar,KONAKKALE,GÖLET,YOK,YOK
Doğanhisar,TEKKE,ŞAHSİ KUYULAR, BARAJ,YOK
Doğanhisar,UNCULAR,ŞAHSİ KUYULAR, YERALTI SULARI,YOK
Doğanhisar,YAZIR,ŞAHSİ KUYULAR, GÖLET,YOK
Doğanhisar,YENİCE,GÖLET,YOK,YOK
Emirgazi,EKİZLİ,ŞAHSİ KUYULAR,YOK,YOK
Emirgazi,AKMESCİT,KOOPERATİF KUYULARI,YOK,YOK
Emirgazi,BESCİ,ŞAHSİ KUYULAR, YERALTI SULARI,YOK
Emirgazi,DEMİRCİ,ŞAHSİ KUYULAR,YOK,YOK
Emirgazi,GÖLÖREN,ŞAHSİ KUYULAR,YOK,YOK
Emirgazi,IŞIKLAR,YERALTI SULARI,YOK,YOK
Emirgazi,KARAÖREN,ŞAHSİ KUYULAR,YOK,YOK
Emirgazi,MEŞELİ,ŞAHSİ KUYULAR, YERALTI SULARI,YOK
Emirgazi,ÖBEKTAŞ,YOK,YOK,YOK
Emirgazi,YAMAÇ,ŞAHSİ KUYULAR,YOK,YOK
Ereğli,ZENGEN,ŞAHSİ KUYULAR, YERALTI SULARI,YOK
Ereğli,ACIPINAR,BARAJ,YOK,YOK
Ereğli,ADABAĞ,BARAJ,YOK,YOK
Ereğli,AKHÜYÜK,BARAJ,YOK,YOK
Ereğli,ALHAN,ŞAHSİ KUYULAR, BARAJ,YOK
Ereğli,AŞAĞI GÖNDELEN,BARAJ, YERALTI SULARI,YOK
Ereğli,AŞIKLAR,YERALTI SULARI, KOOPERATİF KUYULARI,YOK
Ereğli,AZİZİYE,BARAJ,YOK,YOK
Ereğli,BAHÇELİ,BARAJ,YOK,YOK
Ereğli,BELCEAĞAÇ,BARAJ,YOK,YOK
Ereğli,BELKAYA,YERALTI SULARI, KOOPERATİF KUYULARI,YOK
Ereğli,BEYKÖY,BARAJ,YOK,YOK
Ereğli,BEYÖREN,ŞAHSİ KUYULAR, YERALTI SULARI, KOOPERATİF KUYULARI
Ereğli,BULGURLUK,BARAJ,YOK,YOK
Ereğli,BURHANİYE,BARAJ,YOK,YOK
Ereğli,BÜYÜKDEDE,AKARSU,YOK,YOK
Ereğli,ÇAKMAK,ŞAHSİ KUYULAR, GÖLET, YERALTI SULARI
Ereğli,ÇAYHAN,GÖLET,YOK,YOK
Ereğli,ÇİLLER,BARAJ, YERALTI SULARI,YOK
Ereğli,ÇİMENCİK,BARAJ,YOK,YOK
Ereğli,GAYBİ,BARAJ,YOK,YOK
Ereğli,GÖKÇEYAZI,BARAJ,YOK,YOK
Ereğli,GÖKTÖME,BARAJ,YOK,YOK
Ereğli,HACIMEMİŞ,BARAJ,YOK,YOK
Ereğli,KAMIŞLIKUYU,BARAJ,YOK,YOK
Ereğli,KARABURUN,BARAJ,YOK,YOK
Ereğli,KARGACI,BARAJ, YERALTI SULARI,YOK
Ereğli,KIZILGEDİK,YOK,YOK,YOK
Ereğli,KUSKUNCUK,BARAJ,YOK,YOK
Ereğli,KUTÖREN,ŞAHSİ KUYULAR,YOK,YOK
Ereğli,KUZUKUYU,ŞAHSİ KUYULAR, YERALTI SULARI, KOOPERATİF KUYULARI
Ereğli,MELİCEK,BARAJ, YERALTI SULARI,YOK
Ereğli,ORHANİYE,BARAJ,YOK,YOK
Ereğli,ÖZGÜRLER,BARAJ,YOK,YOK
Ereğli,PINARÖZÜ,YERALTI SULARI,YOK,YOK
Ereğli,SARICA,BARAJ,YOK,YOK
Ereğli,SARITOPALLI,YERALTI SULARI,YOK,YOK
Ereğli,SELVİLİ,ŞAHSİ KUYULAR,YOK,YOK
Ereğli,TAŞAĞIL,ŞAHSİ KUYULAR, BARAJ,YOK
Ereğli,TAŞBUDAK,ŞAHSİ KUYULAR, YERALTI SULARI,YOK
Ereğli,TATLIKUYU,ŞAHSİ KUYULAR, YERALTI SULARI,YOK
Ereğli,TÜRKMEN,BARAJ,YOK,YOK
Ereğli,ULUMEŞE,BARAJ, DERE,YOK
Ereğli,YAZLIK,ŞAHSİ KUYULAR, BARAJ,YOK
Ereğli,YELLİCE,KANAL,YOK,YOK
Ereğli,YENİKÖY,ŞAHSİ KUYULAR,YOK,YOK
Ereğli,YILDIZLI,BARAJ,YOK,YOK
Ereğli,YUKARIGÖNDELEN,ŞAHSİ KUYULAR, BARAJ, YERALTI SULARI
Ereğli,HORTU,ŞAHSİ KUYULAR, YERALTI SULARI,YOK
Ereğli,ACIKUYU,ŞAHSİ KUYULAR, BARAJ, YERALTI SULARI
Güneysınır,GÜRAĞAÇ,YOK,YOK,YOK
Güneysınır,AĞAÇOBA,KOOPERATİF KUYULARI,YOK,YOK
Güneysınır,ALANÖZÜ,ŞAHSİ KUYULAR,YOK,YOK
Güneysınır,AVCITEPE,ŞAHSİ KUYULAR,YOK,YOK
Güneysınır,AYDOĞMUŞ,YOK,YOK,YOK
Güneysınır,HABİLLER,BARAJ,YOK,YOK
Güneysınır,KARAGÜNEY,YERALTI SULARI,YOK,YOK
Güneysınır,KAYAAĞZI,DERE, YERALTI SULARI,YOK
Güneysınır,KIZILÖZ,ŞAHSİ KUYULAR,YOK,YOK
Güneysınır,KURUKAVAK,ŞAHSİ KUYULAR,YOK,YOK
Güneysınır,MEHMET ALİ,GÖLET,YOK,YOK
Güneysınır,ÖMEROĞLU,ŞAHSİ KUYULAR,YOK,YOK
Güneysınır,ÖRENBOYALI,YERALTI SULARI,YOK,YOK
Güneysınır,SARIHACI,BARAJ,YOK,YOK
Hadim,AŞAĞIEŞENLER,BARAJ,YOK,YOK
Hadim,AŞAĞIKIZILKAYA,YERALTI SULARI,YOK,YOK
Hadim,BADEMLİ,BARAJ, DERE,YOK
Hadim,BAĞBAŞI,YERALTI SULARI,YOK,YOK
Hadim,BEYRELİ,DERE, YERALTI SULARI,YOK
Hadim,BOLAT,ŞAHSİ KUYULAR, GÖLET, YERALTI SULARI
Hadim,ÇİFTEPINAR,AKARSU,YOK,YOK
Hadim,DEDEMLİ,ŞAHSİ KUYULAR,YOK,YOK
Hadim,DÜLGERLER,ŞAHSİ KUYULAR,YOK,YOK
Hadim,FAKILAR,ŞAHSİ KUYULAR,YOK,YOK
Hadim,GAZİLER,AKARSU, YERALTI SULARI,YOK
Hadim,GÖYNÜKKIŞLA,ŞAHSİ KUYULAR, KOOPERATİF KUYULARI,YOK
Hadim,GÜLPINAR,GÖLET,YOK,YOK
Hadim,İĞDEÖREN,YOK,YOK,YOK
Hadim,KALINAĞIL,YERALTI SULARI,YOK,YOK
Hadim,KAPLANLI,YERALTI SULARI,YOK,YOK
Hadim,GEZLEVİ,DERE,YOK,YOK
Hadim,KÜPLÜCE,ŞAHSİ KUYULAR, YERALTI SULARI,YOK
Hadim,ODUNCU,AKARSU, YERALTI SULARI,YOK
Hadim,SARNIÇ,YERALTI SULARI,YOK,YOK
Hadim,SELAHATTİN,GÖLET,YOK,YOK
Hadim,UMURLAR,ŞAHSİ KUYULAR,YOK,YOK
Hadim,YAĞCI,AKARSU, KOOPERATİF KUYULARI,YOK
Hadim,YALINÇEVRE,ŞAHSİ KUYULAR,YOK,YOK
Hadim,YELMEZ,GÖLET,YOK,YOK
Hadim,YENİKONAK,ŞAHSİ KUYULAR,YOK,YOK
Hadim,YUKARIEŞENLER,BARAJ,YOK,YOK
Halkapınar,İVRİZ,AKARSU,YOK,YOK
Halkapınar,BÜYÜKDOĞAN,YERALTI SULARI,YOK,YOK
Halkapınar,DEDELİ,YERALTI SULARI,YOK,YOK
Halkapınar,DELİMAHMUTLU,AKARSU,YOK,YOK
Halkapınar,ESKİHİSAR,KOOPERATİF KUYULARI,YOK,YOK
Halkapınar,KARAYUSUFLU,ŞAHSİ KUYULAR,YOK,YOK
Halkapınar,KAYASARAY,YERALTI SULARI, KOOPERATİF KUYULARI,YOK
Halkapınar,KÖRLÜ,YERALTI SULARI,YOK,YOK
Halkapınar,KÜSERE,ÇAY,YOK,YOK
Halkapınar,OSMANKÖSELİ,AKARSU,YOK,YOK
Halkapınar,SEYDİFAKILI,YERALTI SULARI,YOK,YOK
Halkapınar,YASSIKAYA,YERALTI SULARI,YOK,YOK
Halkapınar,YAYIKLI,YERALTI SULARI,YOK,YOK
Halkapınar,YEŞİLYURT,YERALTI SULARI,YOK,YOK
Halkapınar,ÇAKILLAR,ŞAHSİ KUYULAR,YOK,YOK
Hüyük,BAŞLAMIŞ,GÖLET,YOK,YOK
Hüyük,BUDAK,GÖL,YOK,YOK
Hüyük,BURUNSUZ,GÖLET,YOK,YOK
Hüyük,ÇAMLICA,YERALTI SULARI,YOK,YOK
Hüyük,ÇAVUŞ,GÖLET,YOK,YOK
Hüyük,ÇUKURKENT,GÖLET,YOK,YOK
Hüyük,DEĞİRMENALTI,GÖLET,YOK,YOK
Hüyük,GÖÇERİ,BARAJ,YOK,YOK
Hüyük,GÖRÜNMEZ,ŞAHSİ KUYULAR,YOK,YOK
Hüyük,İLMEN,GÖLET,YOK,YOK
Hüyük,İMRENLER,GÖLET,YOK,YOK
Hüyük,KIRELİ,GÖL,YOK,YOK
Hüyük,KÖŞK,GÖLET,YOK,YOK
Hüyük,MUTLU,BARAJ, GÖLET,YOK
Hüyük,PINARBAŞI,GÖLET,YOK,YOK
Hüyük,SELKİ,GÖL,YOK,YOK
Hüyük,SULUDERE,GÖLET,YOK,YOK
Hüyük,TOLCA,YERALTI SULARI,YOK,YOK
Hüyük,YENİCE,GÖL, KANAL,YOK
Ilgın,ARGITHANI,ŞAHSİ KUYULAR,YOK,YOK
Ilgın,BEYKONAK,ŞAHSİ KUYULAR, GÖL,YOK
Ilgın,ÇAVUŞÇUGÖL,GÖL,YOK,YOK
Ilgın,AĞALAR,ŞAHSİ KUYULAR,YOK,YOK
Ilgın,BALKI,YERALTI SULARI,YOK,YOK
Ilgın,BARAKMUSLU,YOK,YOK,YOK
Ilgın,BELEKLER,DERE,YOK,YOK
Ilgın,BOĞAZKENT,KOOPERATİF KUYULARI,YOK,YOK
Ilgın,BULCUK,GÖLET,YOK,YOK
Ilgın,BÜYÜKOBA,ŞAHSİ KUYULAR,YOK,YOK
Ilgın,ÇİĞİL,GÖLET,YOK,YOK
Ilgın,ÇATAK,YOK,YOK,YOK
Ilgın,ÇOBANKAYA,YOK,YOK,YOK
Ilgın,ÇÖMLEKCİ,YOK,YOK,YOK
Ilgın,DEREKÖY,AKARSU,YOK,YOK
Ilgın,DIĞRAK,YOK,YOK,YOK
Ilgın,DÜĞER,ŞAHSİ KUYULAR,YOK,YOK
Ilgın,ELDEŞ,GÖL,YOK,YOK
Ilgın,GEÇİT,ŞAHSİ KUYULAR,YOK,YOK
Ilgın,GEDİKÖREN,ÇAY,YOK,YOK
Ilgın,GÖSTERE,YERALTI SULARI,YOK,YOK
Ilgın,GÖKÇEYURT,ŞAHSİ KUYULAR,YOK,YOK
Ilgın,GÖLYAKA,ŞAHSİ KUYULAR,YOK,YOK
Ilgın,GÖKBUDAK,AKARSU,YOK,YOK
Ilgın,GÜNEYPINAR,DERE,YOK,YOK
Ilgın,HARMANYAZI,YERALTI SULARI,YOK,YOK
Ilgın,İHSANİYE,GÖL,YOK,YOK
Ilgın,KAPAKLI,ŞAHSİ KUYULAR,YOK,YOK
Ilgın,KARAKÖY,GÖL,YOK,YOK
Ilgın,KALEKÖY,ŞAHSİ KUYULAR,YOK,YOK
Ilgın,MAHMUTHİSAR,GÖLET,YOK,YOK
Ilgın,MECİDİYE,GÖLET,YOK,YOK
Ilgın,MİSAFİRLİ,ŞAHSİ KUYULAR, YERALTI SULARI,YOK
Ilgın,OLUKPINAR,KOOPERATİF KUYULARI,YOK,YOK
Ilgın,ORHANİYE,YERALTI SULARI,YOK,YOK
Ilgın,ORMANÖZÜ,AKARSU,YOK,YOK
Ilgın,SADIKKÖY,GÖL,YOK,YOK
Ilgın,SEBİLLER,YERALTI SULARI,YOK,YOK
Ilgın,TEKELER,YOK,YOK,YOK
Ilgın,YUKARIÇİĞİL,GÖLET,YOK,YOK
Ilgın,YORAZLAR,ŞAHSİ KUYULAR,YOK,YOK
Ilgın,ZAFERİYE,BARAJ, GÖL,YOK
Ilgın,AVDAN,ŞAHSİ KUYULAR,YOK,YOK
Kadınhanı,OSMANCIK,GÖLET,YOK,YOK
Kadınhanı,AFŞARLI,ŞAHSİ KUYULAR,YOK,YOK
Kadınhanı,ALABAĞ,ŞAHSİ KUYULAR,YOK,YOK
Kadınhanı,ATLANTI,ŞAHSİ KUYULAR,YOK,YOK
Kadınhanı,BAKIRPINAR,ŞAHSİ KUYULAR,YOK,YOK
Kadınhanı,BAŞKUYU,YERALTI SULARI,YOK,YOK
Kadınhanı,BAYRAMLI,YERALTI SULARI,YOK,YOK
Kadınhanı,BEYKAVAĞI,GÖLET,YOK,YOK
Kadınhanı,BULGURPINAR,KANAL,YOK,YOK
Kadınhanı,ÇAVDAR,GÖL,YOK,YOK
Kadınhanı,ÇEŞMECİK,YOK,YOK,YOK
Kadınhanı,ÇUBUK,YOK,YOK,YOK
Kadınhanı,DEMİROLUK,GÖLET,YOK,YOK
Kadınhanı,HACIMEHMETLİ,ŞAHSİ KUYULAR,YOK,YOK
Kadınhanı,HACIOFLAZLAR,YERALTI SULARI,YOK,YOK
Kadınhanı,HACIPİRLİ,ŞAHSİ KUYULAR,YOK,YOK
Kadınhanı,KABACALI,YOK,YOK,YOK
Kadınhanı,KAMIŞLIÖZÜ,KOOPERATİF KUYULARI,YOK,YOK
Kadınhanı,KARAHİSARLI,ŞAHSİ KUYULAR,YOK,YOK
Kadınhanı,KARAKURTLU,YERALTI SULARI,YOK,YOK
Kadınhanı,KARASEVİNÇ,YOK,YOK,YOK
Kadınhanı,KARAYÜRÜKLÜ,ŞAHSİ KUYULAR,YOK,YOK
Kadınhanı,KIZILKUYU,ŞAHSİ KUYULAR,YOK,YOK
Kadınhanı,KOLUKISA,YERALTI SULARI,YOK,YOK
Kadınhanı,KONURÖREN,ŞAHSİ KUYULAR,YOK,YOK
Kadınhanı,KÖKEZ,ŞAHSİ KUYULAR,YOK,YOK
Kadınhanı,KÖYLÜTOLU,ŞAHSİ KUYULAR,YOK,YOK
Kadınhanı,KURTHASANLI,ŞAHSİ KUYULAR,YOK,YOK
Kadınhanı,KÜÇÜKKUYU,YERALTI SULARI,YOK,YOK
Kadınhanı,MAHMUDİYE,GÖL,YOK,YOK
Kadınhanı,MEYDANLI,YERALTI SULARI,YOK,YOK
Kadınhanı,ÖRNEK,ŞAHSİ KUYULAR,YOK,YOK
Kadınhanı,PİRALİ,YOK,YOK,YOK
Kadınhanı,PUSAT,GÖL,YOK,YOK
Kadınhanı,SAÇIKARA,YERALTI SULARI,YOK,YOK
Kadınhanı,SARIKAYA,YOK,YOK,YOK
Kadınhanı,SÖĞÜTÖZÜ,ŞAHSİ KUYULAR,YOK,YOK
Kadınhanı,ŞAHÖREN,GÖLET,YOK,YOK
Kadınhanı,TOSUNOĞLU,ŞAHSİ KUYULAR,YOK,YOK
Kadınhanı,YAĞLICA,YOK,YOK,YOK
Kadınhanı,YAYLAYAKA,ŞAHSİ KUYULAR,YOK,YOK
Karapınar,HOTAMIŞ,YERALTI SULARI,YOK,YOK
Karapınar,KESMEZ,YERALTI SULARI,YOK,YOK
Karapınar,AKÇAYAZI,YERALTI SULARI,YOK,YOK
Karapınar,AKÖREN,YERALTI SULARI,YOK,YOK
Karapınar,ÇİĞİL,YERALTI SULARI,YOK,YOK
Karapınar,HASANOBA,YERALTI SULARI,YOK,YOK
Karapınar,İSLİK,YERALTI SULARI,YOK,YOK
Karapınar,KARAKIŞLA,YERALTI SULARI,YOK,YOK
Karapınar,KAYACIK,YERALTI SULARI,YOK,YOK
Karapınar,KAYALI,ŞAHSİ KUYULAR,YOK,YOK
Karapınar,KAZANHÜYÜĞÜ,ŞAHSİ KUYULAR, KOOPERATİF KUYULARI,YOK
Karapınar,KÜÇÜKAŞLAMA,ŞAHSİ KUYULAR, YERALTI SULARI,YOK
Karapınar,ORTAOBA,ŞAHSİ KUYULAR, KOOPERATİF KUYULARI,YOK
Karapınar,OYMALI,KOOPERATİF KUYULARI,YOK,YOK
Karapınar,SAZLIPINAR,ŞAHSİ KUYULAR,YOK,YOK
Karapınar,YAĞMAPINAR,ŞAHSİ KUYULAR, KOOPERATİF KUYULARI,YOK
Karapınar,YENİKUYU,KOOPERATİF KUYULARI,YOK,YOK
Karapınar,YEŞİLYURT,ŞAHSİ KUYULAR,YOK,YOK
Karatay,YARMA,BARAJ,YOK,YOK
Karatay,ACIDORT,KANAL, YERALTI SULARI,YOK
Karatay,AĞSAKLI,ŞAHSİ KUYULAR,YOK,YOK
Karatay,AKBAŞ,ŞAHSİ KUYULAR,YOK,YOK
Karatay,AKÖRENKIŞLA,YERALTI SULARI,YOK,YOK
Karatay,BAKIRTOLU,BARAJ, GÖLET, YERALTI SULARI
Karatay,BAŞGÖTÜREN,ŞAHSİ KUYULAR, KOOPERATİF KUYULARI,YOK
Karatay,BEŞAĞIL,YERALTI SULARI,YOK,YOK
Karatay,BÜYÜKBURNAK,ŞAHSİ KUYULAR,YOK,YOK
Karatay,ÇENGİLTİ,ŞAHSİ KUYULAR, KANAL,YOK
Karatay,DİVANLAR,YOK,YOK,YOK
Karatay,ESENTEPE,ŞAHSİ KUYULAR,YOK,YOK
Karatay,GÖÇÜ,BARAJ,YOK,YOK
Karatay,HAYIROĞLU MERKEZ,ŞAHSİ KUYULAR,YOK,YOK
Karatay,İPEKLER,YERALTI SULARI,YOK,YOK
Karatay,İSMİL,BARAJ,YOK,YOK
Karatay,KARADONA,ŞAHSİ KUYULAR, YERALTI SULARI,YOK
Karatay,KARAKAYA,YOK,YOK,YOK
Karatay,KATRANCI,ŞAHSİ KUYULAR,YOK,YOK
Karatay,KIZÖREN,KOOPERATİF KUYULARI,YOK,YOK
Karatay,KÖSEALİ,ŞAHSİ KUYULAR,YOK,YOK
Karatay,OBRUK,YERALTI SULARI,YOK,YOK
Karatay,OVAKAVAĞI,ŞAHSİ KUYULAR,YOK,YOK
Karatay,SAKYATAN,KANAL,YOK,YOK
Karatay,SÜRÜÇ,YERALTI SULARI,YOK,YOK
Karatay,ŞATIR,KOOPERATİF KUYULARI,YOK,YOK
Karatay,YAĞLIBAYAT,ŞAHSİ KUYULAR,YOK,YOK
Karatay,YAVŞANKUYU,ŞAHSİ KUYULAR,YOK,YOK
Karatay,YENİCE,YERALTI SULARI,YOK,YOK
Karatay,YENİKENT,ŞAHSİ KUYULAR,YOK,YOK
Karatay,ZİNCİRLİ,ŞAHSİ KUYULAR,YOK,YOK
Kulu,ACIKUYU,ŞAHSİ KUYULAR,YOK,YOK
Kulu,AĞILBAŞI,ŞAHSİ KUYULAR,YOK,YOK
Kulu,ALTILAR,AKARSU,YOK,YOK
Kulu,ARŞINCA,ŞAHSİ KUYULAR,YOK,YOK
Kulu,BEŞKARDEŞ,YOK,YOK,YOK
Kulu,BOĞAZÖREN,YOK,YOK,YOK
Kulu,BOZAN,ŞAHSİ KUYULAR,YOK,YOK
Kulu,BURUNAĞIL,ŞAHSİ KUYULAR,YOK,YOK
Kulu,CANIMANA,YERALTI SULARI,YOK,YOK
Kulu,CELEP,ŞAHSİ KUYULAR,YOK,YOK
Kulu,DİPDEDE,YOK,YOK,YOK
Kulu,DOĞUTEPE,ŞAHSİ KUYULAR,YOK,YOK
Kulu,FEVZİYE,ŞAHSİ KUYULAR,YOK,YOK
Kulu,GÖKLER,YOK,YOK,YOK
Kulu,GÜZELYAYLA,ŞAHSİ KUYULAR,YOK,YOK
Kulu,HİSAR,YOK,YOK,YOK
Kulu,KARACADAĞ,DERE,YOK,YOK
Kulu,KARACADERE,YOK,YOK,YOK
Kulu,KIRKKUYU,YOK,YOK,YOK
Kulu,KIRKPINAR,YOK,YOK,YOK
Kulu,KOZANLI,YERALTI SULARI, KOOPERATİF KUYULARI,YOK
Kulu,KÖMÜŞİNİ,YOK,YOK,YOK
Kulu,KÖŞKER,YOK,YOK,YOK
Kulu,SARIYAYLA,KOOPERATİF KUYULARI,YOK,YOK
Kulu,SEYİTAHMETLİ,DERE, YERALTI SULARI,YOK
Kulu,SOĞUKKUYU,ŞAHSİ KUYULAR,YOK,YOK
Kulu,ŞEREFLİ,ŞAHSİ KUYULAR,YOK,YOK
Kulu,TAVLIÖREN,ŞAHSİ KUYULAR,YOK,YOK
Kulu,ÖMERANLI,ŞAHSİ KUYULAR,YOK,YOK
Kulu,TUZYAKA,ŞAHSİ KUYULAR,YOK,YOK
Kulu,YARAŞLI,YOK,YOK,YOK
Kulu,YAZIÇAYIR,YOK,YOK,YOK
Kulu,YEŞİLTEPE,ŞAHSİ KUYULAR,YOK,YOK
Kulu,YEŞİLYURT,ŞAHSİ KUYULAR,YOK,YOK
Kulu,ZİNCİRLİKUYU,YERALTI SULARI,YOK,YOK
Kulu,BAHADIRLI,ŞAHSİ KUYULAR,YOK,YOK
Kulu,DEĞİRMENÖZÜ,ŞAHSİ KUYULAR,YOK,YOK
Meram,ERENKAYA,YOK,YOK,YOK
Meram,YATAĞAN,ŞAHSİ KUYULAR,YOK,YOK
Meram,GÖKYURT,ŞAHSİ KUYULAR, AKARSU,YOK
Meram,BAYAT,ŞAHSİ KUYULAR,YOK,YOK
Meram,BORUKTOLU,YERALTI SULARI,YOK,YOK
Meram,BOTSA,GÖLET,YOK,YOK
Meram,ÇAYIRBAĞI,KOOPERATİF KUYULARI,YOK,YOK
Meram,ÇOMAKLAR,DERE, YERALTI SULARI,YOK
Meram,ÇUKURÇİMEN,KOOPERATİF KUYULARI,YOK,YOK
Meram,EVLİYATEKKE,GÖLET,YOK,YOK
Meram,HATUNSARAY,ŞAHSİ KUYULAR, GÖLET,YOK
Meram,İKİPINAR,DERE, YERALTI SULARI,YOK
Meram,İLYASBABA,DERE,YOK,YOK
Meram,İNLİCE,GÖLET,YOK,YOK
Meram,KARAAĞAÇ,YOK,YOK,YOK
Meram,KAVAK,YERALTI SULARI,YOK,YOK
Meram,KAYADİBİ,ŞAHSİ KUYULAR,YOK,YOK
Meram,KAYALI,ÇAY,YOK,YOK
Meram,KAYHÜYÜK,YERALTI SULARI,YOK,YOK
Meram,KIZILÖREN,KOOPERATİF KUYULARI,YOK,YOK
Meram,KUMRALI,YERALTI SULARI,YOK,YOK
Meram,SADIKLAR,ŞAHSİ KUYULAR, AKARSU,YOK
Meram,SAĞLIK,YERALTI SULARI,YOK,YOK
Meram,SARIKIZ,YOK,YOK,YOK
Meram,SEFAKÖY,BARAJ,YOK,YOK
Meram,YEŞİLDERE,YERALTI SULARI,YOK,YOK
Meram,YEŞİLTEKKE,YERALTI SULARI,YOK,YOK
Meram,KAŞINHANI,ŞAHSİ KUYULAR,YOK,YOK
Sarayönü,LADİK,GÖLET,YOK,YOK
Sarayönü,BAHÇESARAY,ŞAHSİ KUYULAR, KOOPERATİF KUYULARI,YOK
Sarayönü,BAŞHÜYÜK,ŞAHSİ KUYULAR,YOK,YOK
Sarayönü,BOYALI,ŞAHSİ KUYULAR,YOK,YOK
Sarayönü,BÜYÜKZENGİ,ÇAY,YOK,YOK
Sarayönü,ÇEŞMELİSEBİL,YERALTI SULARI,YOK,YOK
Sarayönü,DEĞİRMENLİ,ŞAHSİ KUYULAR, YERALTI SULARI,YOK
Sarayönü,ERTUĞRUL,GÖLET,YOK,YOK
Sarayönü,GÖZLÜ,ŞAHSİ KUYULAR, YERALTI SULARI,YOK
Sarayönü,KADIOĞLU,ŞAHSİ KUYULAR,YOK,YOK
Sarayönü,KARABIYIK,YOK,YOK,YOK
Sarayönü,KARATEPE,ŞAHSİ KUYULAR,YOK,YOK
Sarayönü,KAYIÖREN,ŞAHSİ KUYULAR,YOK,YOK
Sarayönü,KONAR,ŞAHSİ KUYULAR,YOK,YOK
Sarayönü,KURŞUNLU,YOK,YOK,YOK
Sarayönü,KUYULUSEBİL,ŞAHSİ KUYULAR,YOK,YOK
Sarayönü,ÖZKENT,YERALTI SULARI,YOK,YOK
Sarayönü,YENİCEKAYA,ŞAHSİ KUYULAR,YOK,YOK
Selçuklu,BAŞARAKAVAK,AKARSU,YOK,YOK
Selçuklu,SARAYKÖY,YOK,YOK,YOK
Selçuklu,SULUTAS,YOK,YOK,YOK
Selçuklu,TATKÖY,YOK,YOK,YOK
Selçuklu,AKPINAR,ŞAHSİ KUYULAR,YOK,YOK
Selçuklu,BAĞRIKURT,YOK,YOK,YOK
Selçuklu,BİÇER,ŞAHSİ KUYULAR,YOK,YOK
Selçuklu,ÇALDERE,ŞAHSİ KUYULAR, KOOPERATİF KUYULARI,YOK
Selçuklu,ÇALTI,ŞAHSİ KUYULAR,YOK,YOK
Selçuklu,ÇANDIR,YOK,YOK,YOK
Selçuklu,DAĞDERE,ŞAHSİ KUYULAR,YOK,YOK
Selçuklu,EĞRİBAYAT,ŞAHSİ KUYULAR,YOK,YOK
Selçuklu,GÜVENÇ,ŞAHSİ KUYULAR,YOK,YOK
Selçuklu,KALE,ŞAHSİ KUYULAR, YERALTI SULARI,YOK
Selçuklu,KARAÖMERLER,ŞAHSİ KUYULAR,YOK,YOK
Selçuklu,KERVAN,YOK,YOK,YOK
Selçuklu,KINIK,ŞAHSİ KUYULAR,YOK,YOK
Selçuklu,KIZILCAKUYU,YOK,YOK,YOK
Selçuklu,MEYDAN,YOK,YOK,YOK
Selçuklu,SELAHATTİN,AKARSU,YOK,YOK
Selçuklu,SIZMA,ŞAHSİ KUYULAR,YOK,YOK
Selçuklu,TEPEKENT,AKARSU,YOK,YOK
Selçuklu,ULUMUHSİNE,ÇAY, GÖL,YOK
Selçuklu,YAZIBELEN,ŞAHSİ KUYULAR,YOK,YOK
Selçuklu,SİLLE,BARAJ,YOK,YOK
Selçuklu,ARDIÇLI,GÖLET,YOK,YOK
Selçuklu,AŞAĞIPINARBAŞI,YERALTI SULARI,YOK,YOK
Selçuklu,YUKARIPINARBAŞI,YERALTI SULARI,YOK,YOK
Selçuklu,KÜÇÜKMUHSİNE,BARAJ,YOK,YOK
Selçuklu,SARICALAR,YERALTI SULARI,YOK,YOK
Selçuklu,TÖMEK,ŞAHSİ KUYULAR,YOK,YOK
Selçuklu,YÜKSELEN,KOOPERATİF KUYULARI,YOK,YOK
Seydişehir,KESECİK,GÖL, YERALTI SULARI,YOK
Seydişehir,AKÇALAR,ŞAHSİ KUYULAR,YOK,YOK
Seydişehir,AŞAĞIKARAÖREN,GÖL,YOK,YOK
Seydişehir,BAŞKARAÖREN,GÖL,YOK,YOK
Seydişehir,BOSTANDERE,GÖLET,YOK,YOK
Seydişehir,BOYALI,ŞAHSİ KUYULAR, KOOPERATİF KUYULARI,YOK
Seydişehir,BÜKÇE,DERE, YERALTI SULARI,YOK
Seydişehir,ÇAT,DERE,YOK,YOK
Seydişehir,ÇATMAKAYA,ŞAHSİ KUYULAR,YOK,YOK
Seydişehir,ÇAVUŞ,ŞAHSİ KUYULAR, YERALTI SULARI,YOK
Seydişehir,DİKİLİTAŞ,GÖLET,YOK,YOK
Seydişehir,GEVREKLİ,GÖL,YOK,YOK
Seydişehir,GÖKÇEHÜYÜK,GÖLET,YOK,YOK
Seydişehir,GÖKHÜYÜK,KANAL,YOK,YOK
Seydişehir,GÖLYÜZÜ,GÖL,YOK,YOK
Seydişehir,IRMAKLI,ÇAY,YOK,YOK
Seydişehir,İNCESU,GÖL,YOK,YOK
Seydişehir,KARABULAK,GÖL,YOK,YOK
Seydişehir,KARACAÖREN,DERE,YOK,YOK
Seydişehir,KAVAK,ŞAHSİ KUYULAR,YOK,YOK
Seydişehir,KETENLİ,ŞAHSİ KUYULAR,YOK,YOK
Seydişehir,KIZILCA,GÖLET, YERALTI SULARI,YOK
Seydişehir,KOZLU,GÖLET,YOK,YOK
Seydişehir,KUMLUCA,KANAL,YOK,YOK
Seydişehir,KURAN,GÖL,YOK,YOK
Seydişehir,MADENLİ,YOK,YOK,YOK
Seydişehir,MESUDİYE,GÖLET,YOK,YOK
Seydişehir,MURADİYE,GÖL,YOK,YOK
Seydişehir,OĞLAKÇI,KOOPERATİF KUYULARI,YOK,YOK
Seydişehir,ORTAKARAÖREN,GÖL,YOK,YOK
Seydişehir,SARAYCIK,ŞAHSİ KUYULAR,YOK,YOK
Seydişehir,SUSUZ,GÖL,YOK,YOK
Seydişehir,TARAŞÇI,GÖLET,YOK,YOK
Seydişehir,TAŞAĞIL,GÖL,YOK,YOK
Seydişehir,TEPECİK,YOK,YOK,YOK
Seydişehir,TOL,YERALTI SULARI, KOOPERATİF KUYULARI,YOK
Seydişehir,UFACIK,YOK,YOK,YOK
Seydişehir,YAYLACIK,GÖLET, YERALTI SULARI,YOK
Seydişehir,YENİCE,YERALTI SULARI,YOK,YOK
Taşkent,AFŞAR,ŞAHSİ KUYULAR,YOK,YOK
Taşkent,BALCILAR,YERALTI SULARI,YOK,YOK
Taşkent,BOLAY,YERALTI SULARI,YOK,YOK
Taşkent,ÇETMİ,ÇAY, DERE,YOK
Taşkent,KECİMEN,YERALTI SULARI,YOK,YOK
Taşkent,KONGUL,YERALTI SULARI,YOK,YOK
Taşkent,SAZAK,DERE,YOK,YOK
Taşkent,ILICAPINAR,AKARSU,YOK,YOK
Tuzlukçu,KONARI,YOK,YOK,YOK
Tuzlukçu,MEVLÜTLÜ,YOK,YOK,YOK
Tuzlukçu,KORAŞI,YOK,YOK,YOK
Tuzlukçu,ÇÖĞÜRLÜ,ŞAHSİ KUYULAR,YOK,YOK
Tuzlukçu,TURSUNLU,ŞAHSİ KUYULAR,YOK,YOK
Tuzlukçu,KUNDULLU,ÇAY,YOK,YOK
Tuzlukçu,PAZARKAYA,YOK,YOK,YOK
Tuzlukçu,SUBATAN,ŞAHSİ KUYULAR,YOK,YOK
Tuzlukçu,GÜRSU,ŞAHSİ KUYULAR,YOK,YOK
Tuzlukçu,ERDOĞDU,ŞAHSİ KUYULAR,YOK,YOK
Tuzlukçu,KÖKLÜCE,DERE, YERALTI SULARI,YOK
Yalıhüyük,SARAY,YOK,YOK,YOK
Yalıhüyük,ARASÖĞÜT,YOK,YOK,YOK
Yunak,KUZÖREN,ŞAHSİ KUYULAR, KOOPERATİF KUYULARI,YOK
Yunak,KOÇYAZI,ŞAHSİ KUYULAR,YOK,YOK
Yunak,TURGUT,ŞAHSİ KUYULAR,YOK,YOK
Yunak,PİRİBEYLİ,YOK,YOK,YOK
Yunak,SÜLÜKLÜ,ŞAHSİ KUYULAR,YOK,YOK
Yunak,ALTINÖZ,ŞAHSİ KUYULAR,YOK,YOK
Yunak,AYRITEPE,YOK,YOK,YOK
Yunak,BEŞIŞIKLI,ŞAHSİ KUYULAR,YOK,YOK
Yunak,CEBRAİL,YOK,YOK,YOK
Yunak,ÇAYIRBAŞI,ŞAHSİ KUYULAR, YERALTI SULARI,YOK
Yunak,EĞRİKUYU,ŞAHSİ KUYULAR,YOK,YOK
Yunak,HACIÖMEROĞLU,DERE,YOK,YOK
Yunak,HATIRLI,ŞAHSİ KUYULAR,YOK,YOK
Yunak,HACIFAKILI,ŞAHSİ KUYULAR,YOK,YOK
Yunak,HARUNLAR,YOK,YOK,YOK
Yunak,HURSUNLU,YERALTI SULARI,YOK,YOK
Yunak,İMAMOĞLU,YERALTI SULARI,YOK,YOK
Yunak,KARGALI,YOK,YOK,YOK
Yunak,KARAYAYLA,YERALTI SULARI,YOK,YOK
Yunak,KILLAR,ŞAHSİ KUYULAR, KOOPERATİF KUYULARI,YOK
Yunak,KURTUŞAĞI,YOK,YOK,YOK
Yunak,KUYUBAŞI,YERALTI SULARI,YOK,YOK
Yunak,MEŞELİK,YOK,YOK,YOK
Yunak,ODABAŞI,ŞAHSİ KUYULAR, GÖLET,YOK
Yunak,ORTAKIŞLA,ŞAHSİ KUYULAR, DERE,YOK
Yunak,ÖZYAYLA,DERE,YOK,YOK
Yunak,SERTLER,ŞAHSİ KUYULAR,YOK,YOK
Yunak,SEVİNÇ,YOK,YOK,YOK
Yunak,SIRAM,YOK,YOK,YOK
Yunak,SİNANLI,ŞAHSİ KUYULAR,YOK,YOK
Yunak,YAVAŞLI,ŞAHSİ KUYULAR,YOK,YOK
Yunak,YEŞİLOBA,ŞAHSİ KUYULAR,YOK,YOK
Yunak,YEŞİLYAYLA,YERALTI SULARI,YOK,YOK
Yunak,YIĞAR,ŞAHSİ KUYULAR, YERALTI SULARI,YOK
Yunak,SARAY,ŞAHSİ KUYULAR, YERALTI SULARI,YOK
