_id,ilce_adi,mahalle_adi,tarimsal_sulama_suyu_kaynagi
1,Ahırlı,ALİÇERÇİ,YOK
2,Ahırlı,BADEMLİ,YOK
3,Ahırlı,BALIKLAVA,GÖL
4,Ahırlı,BÜYÜKÖZ,ŞAHSİ KUYULAR
5,Ahırlı,ÇİFTLİK,YOK
6,Ahırlı,ERDOĞAN,ŞAHSİ KUYULAR
7,Ahırlı,KARACAKUYU,ŞAHSİ KUYULAR
8,Ahırlı,KAYACIK,ŞAHSİ KUYULAR
9,Ahırlı,KURUÇAY,ŞAHSİ KUYULAR
10,Ahırlı,KÜÇÜKÖZ,ŞAHSİ KUYULAR
11,Akören,AVDAN,ŞAHSİ KUYULAR
12,Akören,KAYASU,KOOPERATİF KUYULARI
13,Akören,AHMEDİYE,KOOPERATİF KUYULARI
14,Akören,ALAN,YOK
15,Akören,BELKUYU,ŞAHSİ KUYULAR
16,Akören,ÇATÖREN,YERALTI SULARI
17,Akören,DUTLU,YOK
18,Akören,ORHANİYE,KOOPERATİF KUYULARI
19,Akören,SÜLEYMANİYE,YERALTI SULARI
20,Akören,TÜLCE,YERALTI SULARI
21,Akören,KARAHÜYÜK,KOOPERATİF KUYULARI
22,Akşehir,ÇAKILLAR,KOOPERATİF KUYULARI
23,Akşehir,GEDİL,KOOPERATİF KUYULARI
24,Akşehir,KARAHÜYÜK,YERALTI SULARI
25,Akşehir,ADSIZ,"YERALTI SULARI, KOOPERATİF KUYULARI"
26,Akşehir,ALANYURT,"ŞAHSİ KUYULAR, KOOPERATİF KUYULARI"
27,Akşehir,ALTUNTAŞ,ÇAY
28,Akşehir,ATAKENT,"ÇAY, AKARSU"
29,Akşehir,BOZLAĞAN,KOOPERATİF KUYULARI
30,Akşehir,CANKURTARAN,ŞAHSİ KUYULAR
31,Akşehir,ÇAMLI,"ÇAY, KANAL"
32,Akşehir,ÇİMENDERE,"ÇAY, AKARSU, KOOPERATİF KUYULARI"
33,Akşehir,DEĞİRMENKÖY,AKARSU
34,Akşehir,DOĞRUGÖZ,ŞAHSİ KUYULAR
35,Akşehir,ENGİLİ,"ŞAHSİ KUYULAR, YERALTI SULARI, KOOPERATİF KUYULARI"
36,Akşehir,GÖLÇAYIR,KOOPERATİF KUYULARI
37,Akşehir,GÖZPINARI,"ÇAY, YERALTI SULARI"
38,Akşehir,ILICAK,"ŞAHSİ KUYULAR, DERE"
39,Akşehir,KARABULUT,YERALTI SULARI
40,Akşehir,ORTACA,"ŞAHSİ KUYULAR, YERALTI SULARI"
41,Akşehir,ORTAKÖY,ŞAHSİ KUYULAR
42,Akşehir,REİS,ŞAHSİ KUYULAR
43,Akşehir,SAVAŞ,"YERALTI SULARI, KOOPERATİF KUYULARI"
44,Akşehir,SORKUN,YERALTI SULARI
45,Akşehir,SÖĞÜTLÜ,"ŞAHSİ KUYULAR, KOOPERATİF KUYULARI"
46,Akşehir,TEKKE,"ŞAHSİ KUYULAR, YERALTI SULARI"
47,Akşehir,TİPİKÖY,"ŞAHSİ KUYULAR, YERALTI SULARI"
48,Akşehir,ULUPINAR,ŞAHSİ KUYULAR
49,Akşehir,ÜÇHÜYÜK,ŞAHSİ KUYULAR
50,Akşehir,YAŞARLAR,ŞAHSİ KUYULAR
51,Akşehir,YAYLABELEN,"YERALTI SULARI, KOOPERATİF KUYULARI"
52,Akşehir,YAZLA,YERALTI SULARI
53,Akşehir,YENİKÖY,KOOPERATİF KUYULARI
54,Akşehir,YEŞİLKÖY,"ÇAY, ŞAHSİ KUYULAR"
55,Akşehir,SARAY,KOOPERATİF KUYULARI
56,Altınekin,OĞUZELİ,ŞAHSİ KUYULAR
57,Altınekin,AKCAŞAR,"ŞAHSİ KUYULAR, YERALTI SULARI"
58,Altınekin,AYIŞIĞI,YOK
59,Altınekin,AKKÖY,ŞAHSİ KUYULAR
60,Altınekin,BORUKKUYU,KOOPERATİF KUYULARI
61,Altınekin,HACINUMAN,ŞAHSİ KUYULAR
62,Altınekin,KARAKAYA,"ŞAHSİ KUYULAR, YERALTI SULARI"
63,Altınekin,KOÇAŞ,"YERALTI SULARI, KOOPERATİF KUYULARI"
64,Altınekin,KOÇYAKA,"ŞAHSİ KUYULAR, YERALTI SULARI"
65,Altınekin,MANTAR,YERALTI SULARI
66,Altınekin,YENİÖLMEZ,ŞAHSİ KUYULAR
67,Altınekin,SARNIÇ,"ŞAHSİ KUYULAR, YERALTI SULARI"
68,Altınekin,TOPRAKLIK,ŞAHSİ KUYULAR
69,Altınekin,YENİKUYU,YERALTI SULARI
70,Altınekin,YENİYAYLA,ŞAHSİ KUYULAR
71,Altınekin,DEDELER,YERALTI SULARI
72,Altınekin,AKINCILAR,YERALTI SULARI
73,Beyşehir,ADAKÖY,ŞAHSİ KUYULAR
74,Beyşehir,AĞILÖNÜ,ŞAHSİ KUYULAR
75,Beyşehir,AKBURUN,"ŞAHSİ KUYULAR, GÖL"
76,Beyşehir,AKÇABELEN,KOOPERATİF KUYULARI
77,Beyşehir,AVDANCIK,KANAL
78,Beyşehir,BADEMLİ,YOK
79,Beyşehir,BAYAT,KANAL
80,Beyşehir,BAYAVŞAR,ÇAY
81,Beyşehir,BAYINDIR,GÖL
82,Beyşehir,BAŞGÖZE,GÖLET
83,Beyşehir,BEKDEMİR,GÖL
84,Beyşehir,DAMLAPINAR,BARAJ
85,Beyşehir,DOĞANBEY,BARAJ
86,Beyşehir,DOĞANCIK,GÖLET
87,Beyşehir,DUMANLI,"ÇAY, AKARSU"
88,Beyşehir,EMEN,ŞAHSİ KUYULAR
89,Beyşehir,ESENCE,ŞAHSİ KUYULAR
90,Beyşehir,EYLİKLER,DERE
91,Beyşehir,EĞİRLER,"ŞAHSİ KUYULAR, YERALTI SULARI"
92,Beyşehir,FASILLAR,ŞAHSİ KUYULAR
93,Beyşehir,GÖKÇEKUYU,GÖLET
94,Beyşehir,GÖKÇİMEN,ŞAHSİ KUYULAR
95,Beyşehir,GÖLKAŞI,GÖL
96,Beyşehir,GÖLYAKA,ŞAHSİ KUYULAR
97,Beyşehir,GÖNEN,GÖLET
98,Beyşehir,GÖÇÜ,"ÇAY, ŞAHSİ KUYULAR"
99,Beyşehir,GÜNDOĞDU,ŞAHSİ KUYULAR
100,Beyşehir,HUĞLU,"BARAJ, GÖLET, YERALTI SULARI"
101,Beyşehir,HÜSEYİNLER,ŞAHSİ KUYULAR
102,Beyşehir,İSAKÖY,KANAL
103,Beyşehir,KARAALİ,"ŞAHSİ KUYULAR, BARAJ"
104,Beyşehir,KARABAYAT,"ŞAHSİ KUYULAR, YERALTI SULARI, KOOPERATİF KUYULARI"
105,Beyşehir,KARADİKEN,GÖL
106,Beyşehir,KARAHİSAR,"GÖL, KANAL"
107,Beyşehir,KAYABAŞI,ŞAHSİ KUYULAR
108,Beyşehir,KURUCUOVA,GÖL
109,Beyşehir,KUŞLUCA,ŞAHSİ KUYULAR
110,Beyşehir,KÜÇÜKAVŞAR,ŞAHSİ KUYULAR
111,Beyşehir,MESUTLAR,ŞAHSİ KUYULAR
112,Beyşehir,SADIKHACI,YERALTI SULARI
113,Beyşehir,SARIKÖY,"ÇAY, AKARSU"
114,Beyşehir,SEVİNDİK,KOOPERATİF KUYULARI
115,Beyşehir,ŞAMLAR,"ŞAHSİ KUYULAR, GÖLET"
116,Beyşehir,ÜÇPINAR,ŞAHSİ KUYULAR
117,Beyşehir,ÜSTÜNLER,"ÇAY, BARAJ"
118,Beyşehir,ÜZÜMLÜ,GÖLET
119,Beyşehir,YAZYURDU,ŞAHSİ KUYULAR
120,Beyşehir,YENİDOĞAN,GÖLET
121,Beyşehir,YEŞİLDAĞ,AKARSU
122,Beyşehir,YUKARIESENCE,GÖL
123,Beyşehir,YUNUSLAR,ÇAY
124,Beyşehir,ÇİFTLİK,GÖLET
125,Beyşehir,ÇİVRİL,KANAL
126,Beyşehir,ÇUKURAĞIL,ŞAHSİ KUYULAR
127,Bozkır,ÇAĞLAYAN,ŞAHSİ KUYULAR
128,Bozkır,HAMZALAR,ŞAHSİ KUYULAR
129,Bozkır,AKÇAPINAR,GÖLET
130,Bozkır,ARMUTLU,"ŞAHSİ KUYULAR, DERE"
131,Bozkır,ARSLANTAŞ,ŞAHSİ KUYULAR
132,Bozkır,AYDINKIŞLA,ŞAHSİ KUYULAR
133,Bozkır,AYVALCA,ŞAHSİ KUYULAR
134,Bozkır,BAĞYURDU,ŞAHSİ KUYULAR
135,Bozkır,BAYBAĞAN,DERE
136,Bozkır,BOZDAM,ŞAHSİ KUYULAR
137,Bozkır,DEREİÇİ,GÖLET
138,Bozkır,DEREKÖY,ÇAY
139,Bozkır,ELMAAĞAÇ,YOK
140,Bozkır,HACILAR,ŞAHSİ KUYULAR
141,Bozkır,HACIYUNUSLAR,ŞAHSİ KUYULAR
142,Bozkır,HARMANPINAR,ŞAHSİ KUYULAR
143,Bozkır,HİSARLIK,ŞAHSİ KUYULAR
144,Bozkır,IŞIKLAR,DERE
145,Bozkır,KARABAYIR,ŞAHSİ KUYULAR
146,Bozkır,KARACAARDIÇ,ŞAHSİ KUYULAR
147,Bozkır,KARACAHİSAR,YERALTI SULARI
148,Bozkır,KARAYAHYA,YOK
149,Bozkır,KAYACILAR,ŞAHSİ KUYULAR
150,Bozkır,KAYAPINAR,"ŞAHSİ KUYULAR, AKARSU"
151,Bozkır,KINIK,ŞAHSİ KUYULAR
152,Bozkır,KIZILÇAKIR,YOK
153,Bozkır,KİLDERE,DERE
154,Bozkır,KOVANLIK,ÇAY
155,Bozkır,KOZAĞAÇ,"ŞAHSİ KUYULAR, YERALTI SULARI"
156,Bozkır,KUŞÇA,"ŞAHSİ KUYULAR, DERE"
157,Bozkır,KÜÇÜKHİSARLIK,ŞAHSİ KUYULAR
158,Bozkır,PINARCIK,"ŞAHSİ KUYULAR, DERE"
159,Bozkır,SARIOĞLAN,"ŞAHSİ KUYULAR, YERALTI SULARI"
160,Bozkır,SAZLI,ŞAHSİ KUYULAR
161,Bozkır,SOĞUCAK,ŞAHSİ KUYULAR
162,Bozkır,SORKUN,"ŞAHSİ KUYULAR, YERALTI SULARI"
163,Bozkır,SÖĞÜT,"ŞAHSİ KUYULAR, DERE"
164,Bozkır,TARLABAŞI,"ŞAHSİ KUYULAR, YERALTI SULARI"
165,Bozkır,TAŞBAŞI,YOK
166,Bozkır,TEPEARASI,ŞAHSİ KUYULAR
167,Bozkır,TEPELİCE,ŞAHSİ KUYULAR
168,Bozkır,ULUPINAR,"ŞAHSİ KUYULAR, YERALTI SULARI"
169,Bozkır,ÜÇPINAR,"ŞAHSİ KUYULAR, DERE"
170,Bozkır,YALNIZCA,"ŞAHSİ KUYULAR, YERALTI SULARI"
171,Bozkır,YAZDAMI,ŞAHSİ KUYULAR
172,Bozkır,YELBEYİ,"ŞAHSİ KUYULAR, YERALTI SULARI"
173,Bozkır,YENİKÖY,ŞAHSİ KUYULAR
174,Bozkır,YOLÖREN,"ÇAY, ŞAHSİ KUYULAR"
175,Çeltik,GÖKPINAR,"ŞAHSİ KUYULAR, KOOPERATİF KUYULARI"
176,Çeltik,ADAKASIM,YERALTI SULARI
177,Çeltik,DOĞANYURT,"ŞAHSİ KUYULAR, YERALTI SULARI"
178,Çeltik,KAŞÖREN,ŞAHSİ KUYULAR
179,Çeltik,KÜÇÜKHASAN,"ŞAHSİ KUYULAR, YERALTI SULARI"
180,Çeltik,TORUNLAR,"AKARSU, YERALTI SULARI"
181,Çeltik,İSHAKUŞAĞI,YERALTI SULARI
182,Çeltik,HONAMLI,ŞAHSİ KUYULAR
183,Cihanbeyli,BÖĞRÜDELİK,KOOPERATİF KUYULARI
184,Cihanbeyli,YAPALI,ŞAHSİ KUYULAR
185,Cihanbeyli,YENİCEOBA,ŞAHSİ KUYULAR
186,Cihanbeyli,CUMHURİYET,YOK
187,Cihanbeyli,GEMECİK,ŞAHSİ KUYULAR
188,Cihanbeyli,GÖKTEPE,ŞAHSİ KUYULAR
189,Cihanbeyli,AĞABEYLİ,ŞAHSİ KUYULAR
190,Cihanbeyli,HODOĞLU,YOK
191,Cihanbeyli,KAYI,"ŞAHSİ KUYULAR, YERALTI SULARI"
192,Cihanbeyli,KIRKIŞLA,"ŞAHSİ KUYULAR, YERALTI SULARI"
193,Cihanbeyli,KORKMAZLAR,ŞAHSİ KUYULAR
194,Cihanbeyli,KÜÇÜKBEŞKAVAK,ŞAHSİ KUYULAR
195,Cihanbeyli,MUTLUKONAK,"ŞAHSİ KUYULAR, DERE, AKARSU"
196,Cihanbeyli,SAĞLIK,YOK
197,Cihanbeyli,SIĞIRCIK,YERALTI SULARI
198,Cihanbeyli,TURANLAR,YOK
199,Cihanbeyli,TÜFEKÇİPINAR,"ŞAHSİ KUYULAR, YERALTI SULARI"
200,Cihanbeyli,UZUNCAYAYLA,ŞAHSİ KUYULAR
201,Cihanbeyli,YÜNLÜKUYU,YOK
202,Cihanbeyli,ZAFERİYE,"ŞAHSİ KUYULAR, YERALTI SULARI"
203,Cihanbeyli,GÖLYAZI,ŞAHSİ KUYULAR
204,Cihanbeyli,GÜNYÜZÜ,"ŞAHSİ KUYULAR, YERALTI SULARI"
205,Cihanbeyli,İNSUYU,ŞAHSİ KUYULAR
206,Cihanbeyli,KANDİL,ŞAHSİ KUYULAR
207,Cihanbeyli,KARABAĞ,YOK
208,Cihanbeyli,KELHASAN,ŞAHSİ KUYULAR
209,Cihanbeyli,KUŞCA,"ŞAHSİ KUYULAR, YERALTI SULARI"
210,Cihanbeyli,KÜTÜKUŞAĞI,ŞAHSİ KUYULAR
211,Cihanbeyli,TAŞPINAR,"ŞAHSİ KUYULAR, YERALTI SULARI"
212,Cihanbeyli,BEYLİOVA,ŞAHSİ KUYULAR
213,Cihanbeyli,ÇİMEN,YERALTI SULARI
214,Cihanbeyli,ÇÖL,"ŞAHSİ KUYULAR, YERALTI SULARI"
215,Cihanbeyli,DAMLAKUYU,ŞAHSİ KUYULAR
216,Cihanbeyli,BULDUK,YOK
217,Cihanbeyli,BÜYÜKBEŞKAVAK,YOK
218,Cihanbeyli,KARATEPE,YOK
219,Çumra,ARIKÖREN,YERALTI SULARI
220,Çumra,DEDEMOĞLU,"ŞAHSİ KUYULAR, YERALTI SULARI"
221,Çumra,TÜRKMENCAMİLİ,"ŞAHSİ KUYULAR, KOOPERATİF KUYULARI"
222,Çumra,A.B.HÜYÜĞÜ,KOOPERATİF KUYULARI
223,Çumra,DİNEK,"BARAJ, YERALTI SULARI"
224,Çumra,İÇERİÇUMRA,ŞAHSİ KUYULAR
225,Çumra,GÜVERCİNLİK,YERALTI SULARI
226,Çumra,KARKIN,"BARAJ, YERALTI SULARI"
227,Çumra,OKÇU,"KANAL, YERALTI SULARI"
228,Çumra,YENİSU,"ŞAHSİ KUYULAR, KOOPERATİF KUYULARI"
229,Çumra,APA,BARAJ
230,Çumra,ABDİTOLU,"KANAL, YERALTI SULARI"
231,Çumra,ADAKALE,YERALTI SULARI
232,Çumra,ALEMDAR,ŞAHSİ KUYULAR
233,Çumra,APASARAYCIK,ŞAHSİ KUYULAR
234,Çumra,AFŞAR,YOK
235,Çumra,AVDUL,KOOPERATİF KUYULARI
236,Çumra,BALÇIKHİSAR,KANAL
237,Çumra,BEYLERCE,YERALTI SULARI
238,Çumra,B.AŞLAMA,YERALTI SULARI
239,Çumra,CİCEK,YERALTI SULARI
240,Çumra,ÇUKURKAVAK,YERALTI SULARI
241,Çumra,DİNLENDİK,YERALTI SULARI
242,Çumra,DİNEKSARAY,"BARAJ, KOOPERATİF KUYULARI"
243,Çumra,DOĞANLI,"ŞAHSİ KUYULAR, BARAJ"
244,Çumra,FETHİYE,KOOPERATİF KUYULARI
245,Çumra,GÖKHÜYÜK,"ŞAHSİ KUYULAR, BARAJ, YERALTI SULARI"
246,Çumra,ERENTEPE,ŞAHSİ KUYULAR
247,Çumra,İNLİ,YERALTI SULARI
248,Çumra,KUZUCU,YERALTI SULARI
249,Çumra,KÜÇÜKKÖY,"ŞAHSİ KUYULAR, BARAJ, DERE"
250,Çumra,SEÇME,ŞAHSİ KUYULAR
251,Çumra,SÜRGÜÇ,KOOPERATİF KUYULARI
252,Çumra,TAHTALI,YERALTI SULARI
253,Çumra,T.KARAHÜYÜK,"BARAJ, KANAL"
254,Çumra,TAŞAĞIL,"BARAJ, YERALTI SULARI"
255,Çumra,UZUNKUYU,KOOPERATİF KUYULARI
256,Çumra,ÜÇHÜYÜK,ŞAHSİ KUYULAR
257,Çumra,ÜRÜNLÜ,YERALTI SULARI
258,Çumra,YÖRÜKCAMİLİ,YERALTI SULARI
259,Çumra,ÇAYBAŞI,KOOPERATİF KUYULARI
260,Derbent,ÇİFTLİKÖZÜ,GÖLET
261,Derbent,DEĞİŞ,YOK
262,Derbent,TEKKE,ŞAHSİ KUYULAR
263,Derbent,GÜNEYKÖY,YERALTI SULARI
264,Derbent,MÜLAYİM,YOK
265,Derbent,SARAYPINAR,ŞAHSİ KUYULAR
266,Derbent,YASSIÖREN,"GÖLET, YERALTI SULARI"
267,Derbent,SÜLEYMAN,ŞAHSİ KUYULAR
268,Derbent,KARALAR,"ŞAHSİ KUYULAR, BARAJ"
269,Derebucak,ÇAMLIK,"ŞAHSİ KUYULAR, GÖLET"
270,Derebucak,DURAK,YOK
271,Derebucak,GENCEK,GÖLET
272,Derebucak,GÖYNEM,BARAJ
273,Derebucak,PINARBAŞI,BARAJ
274,Derebucak,TAŞLIPINAR,YERALTI SULARI
275,Derebucak,TEPEARASI,ŞAHSİ KUYULAR
276,Derebucak,UĞURLU,YERALTI SULARI
277,Doğanhisar,BAŞKÖY,"BARAJ, GÖLET"
278,Doğanhisar,YAZLICA,GÖLET
279,Doğanhisar,AYASLAR,GÖLET
280,Doğanhisar,ÇINAROBA,GÖLET
281,Doğanhisar,DEŞTİĞİN,GÖLET
282,Doğanhisar,FIRINLI,"AKARSU, GÖLET"
283,Doğanhisar,GÜVENDİK,GÖLET
284,Doğanhisar,İLYASLAR,"BARAJ, GÖLET"
285,Doğanhisar,KARAAĞA,KOOPERATİF KUYULARI
286,Doğanhisar,KEMER,YOK
287,Doğanhisar,KOÇAŞ,YERALTI SULARI
288,Doğanhisar,KONAKKALE,GÖLET
289,Doğanhisar,TEKKE,"ŞAHSİ KUYULAR, BARAJ"
290,Doğanhisar,UNCULAR,"ŞAHSİ KUYULAR, YERALTI SULARI"
291,Doğanhisar,YAZIR,"ŞAHSİ KUYULAR, GÖLET"
292,Doğanhisar,YENİCE,GÖLET
293,Emirgazi,EKİZLİ,ŞAHSİ KUYULAR
294,Emirgazi,AKMESCİT,KOOPERATİF KUYULARI
295,Emirgazi,BESCİ,"ŞAHSİ KUYULAR, YERALTI SULARI"
296,Emirgazi,DEMİRCİ,ŞAHSİ KUYULAR
297,Emirgazi,GÖLÖREN,ŞAHSİ KUYULAR
298,Emirgazi,IŞIKLAR,YERALTI SULARI
299,Emirgazi,KARAÖREN,ŞAHSİ KUYULAR
300,Emirgazi,MEŞELİ,"ŞAHSİ KUYULAR, YERALTI SULARI"
301,Emirgazi,ÖBEKTAŞ,YOK
302,Emirgazi,YAMAÇ,ŞAHSİ KUYULAR
303,Ereğli,ZENGEN,"ŞAHSİ KUYULAR, YERALTI SULARI"
304,Ereğli,ACIPINAR,BARAJ
305,Ereğli,ADABAĞ,BARAJ
306,Ereğli,AKHÜYÜK,BARAJ
307,Ereğli,ALHAN,"ŞAHSİ KUYULAR, BARAJ"
308,Ereğli,AŞAĞI GÖNDELEN,"BARAJ, YERALTI SULARI"
309,Ereğli,AŞIKLAR,"YERALTI SULARI, KOOPERATİF KUYULARI"
310,Ereğli,AZİZİYE,BARAJ
311,Ereğli,BAHÇELİ,BARAJ
312,Ereğli,BELCEAĞAÇ,BARAJ
313,Ereğli,BELKAYA,"YERALTI SULARI, KOOPERATİF KUYULARI"
314,Ereğli,BEYKÖY,BARAJ
315,Ereğli,BEYÖREN,"ŞAHSİ KUYULAR, YERALTI SULARI, KOOPERATİF KUYULARI"
316,Ereğli,BULGURLUK,BARAJ
317,Ereğli,BURHANİYE,BARAJ
318,Ereğli,BÜYÜKDEDE,AKARSU
319,Ereğli,ÇAKMAK,"ŞAHSİ KUYULAR, GÖLET, YERALTI SULARI"
320,Ereğli,ÇAYHAN,GÖLET
321,Ereğli,ÇİLLER,"BARAJ, YERALTI SULARI"
322,Ereğli,ÇİMENCİK,BARAJ
323,Ereğli,GAYBİ,BARAJ
324,Ereğli,GÖKÇEYAZI,BARAJ
325,Ereğli,GÖKTÖME,BARAJ
326,Ereğli,HACIMEMİŞ,BARAJ
327,Ereğli,KAMIŞLIKUYU,BARAJ
328,Ereğli,KARABURUN,BARAJ
329,Ereğli,KARGACI,"BARAJ, YERALTI SULARI"
330,Ereğli,KIZILGEDİK,YOK
331,Ereğli,KUSKUNCUK,BARAJ
332,Ereğli,KUTÖREN,ŞAHSİ KUYULAR
333,Ereğli,KUZUKUYU,"ŞAHSİ KUYULAR, YERALTI SULARI, KOOPERATİF KUYULARI"
334,Ereğli,MELİCEK,"BARAJ, YERALTI SULARI"
335,Ereğli,ORHANİYE,BARAJ
336,Ereğli,ÖZGÜRLER,BARAJ
337,Ereğli,PINARÖZÜ,YERALTI SULARI
338,Ereğli,SARICA,BARAJ
339,Ereğli,SARITOPALLI,YERALTI SULARI
340,Ereğli,SELVİLİ,ŞAHSİ KUYULAR
341,Ereğli,TAŞAĞIL,"ŞAHSİ KUYULAR, BARAJ"
342,Ereğli,TAŞBUDAK,"ŞAHSİ KUYULAR, YERALTI SULARI"
343,Ereğli,TATLIKUYU,"ŞAHSİ KUYULAR, YERALTI SULARI"
344,Ereğli,TÜRKMEN,BARAJ
345,Ereğli,ULUMEŞE,"BARAJ, DERE"
346,Ereğli,YAZLIK,"ŞAHSİ KUYULAR, BARAJ"
347,Ereğli,YELLİCE,KANAL
348,Ereğli,YENİKÖY,ŞAHSİ KUYULAR
349,Ereğli,YILDIZLI,BARAJ
350,Ereğli,YUKARIGÖNDELEN,"ŞAHSİ KUYULAR, BARAJ, YERALTI SULARI"
351,Ereğli,HORTU,"ŞAHSİ KUYULAR, YERALTI SULARI"
352,Ereğli,ACIKUYU,"ŞAHSİ KUYULAR, BARAJ, YERALTI SULARI"
353,Güneysınır,GÜRAĞAÇ,YOK
354,Güneysınır,AĞAÇOBA,KOOPERATİF KUYULARI
355,Güneysınır,ALANÖZÜ,ŞAHSİ KUYULAR
356,Güneysınır,AVCITEPE,ŞAHSİ KUYULAR
357,Güneysınır,AYDOĞMUŞ,YOK
358,Güneysınır,HABİLLER,BARAJ
359,Güneysınır,KARAGÜNEY,YERALTI SULARI
360,Güneysınır,KAYAAĞZI,"DERE, YERALTI SULARI"
361,Güneysınır,KIZILÖZ,ŞAHSİ KUYULAR
362,Güneysınır,KURUKAVAK,ŞAHSİ KUYULAR
363,Güneysınır,MEHMET ALİ,GÖLET
364,Güneysınır,ÖMEROĞLU,ŞAHSİ KUYULAR
365,Güneysınır,ÖRENBOYALI,YERALTI SULARI
366,Güneysınır,SARIHACI,BARAJ
367,Hadim,AŞAĞIEŞENLER,BARAJ
368,Hadim,AŞAĞIKIZILKAYA,YERALTI SULARI
369,Hadim,BADEMLİ,"BARAJ, DERE"
370,Hadim,BAĞBAŞI,YERALTI SULARI
371,Hadim,BEYRELİ,"DERE, YERALTI SULARI"
372,Hadim,BOLAT,"ŞAHSİ KUYULAR, GÖLET, YERALTI SULARI"
373,Hadim,ÇİFTEPINAR,AKARSU
374,Hadim,DEDEMLİ,ŞAHSİ KUYULAR
375,Hadim,DÜLGERLER,ŞAHSİ KUYULAR
376,Hadim,FAKILAR,ŞAHSİ KUYULAR
377,Hadim,GAZİLER,"AKARSU, YERALTI SULARI"
378,Hadim,GÖYNÜKKIŞLA,"ŞAHSİ KUYULAR, KOOPERATİF KUYULARI"
379,Hadim,GÜLPINAR,GÖLET
380,Hadim,İĞDEÖREN,YOK
381,Hadim,KALINAĞIL,YERALTI SULARI
382,Hadim,KAPLANLI,YERALTI SULARI
383,Hadim,GEZLEVİ,DERE
384,Hadim,KÜPLÜCE,"ŞAHSİ KUYULAR, YERALTI SULARI"
385,Hadim,ODUNCU,"AKARSU, YERALTI SULARI"
386,Hadim,SARNIÇ,YERALTI SULARI
387,Hadim,SELAHATTİN,GÖLET
388,Hadim,UMURLAR,ŞAHSİ KUYULAR
389,Hadim,YAĞCI,"AKARSU, KOOPERATİF KUYULARI"
390,Hadim,YALINÇEVRE,ŞAHSİ KUYULAR
391,Hadim,YELMEZ,GÖLET
392,Hadim,YENİKONAK,ŞAHSİ KUYULAR
393,Hadim,YUKARIEŞENLER,BARAJ
394,Halkapınar,İVRİZ,AKARSU
395,Halkapınar,BÜYÜKDOĞAN,YERALTI SULARI
396,Halkapınar,DEDELİ,YERALTI SULARI
397,Halkapınar,DELİMAHMUTLU,AKARSU
398,Halkapınar,ESKİHİSAR,KOOPERATİF KUYULARI
399,Halkapınar,KARAYUSUFLU,ŞAHSİ KUYULAR
400,Halkapınar,KAYASARAY,"YERALTI SULARI, KOOPERATİF KUYULARI"
401,Halkapınar,KÖRLÜ,YERALTI SULARI
402,Halkapınar,KÜSERE,ÇAY
403,Halkapınar,OSMANKÖSELİ,AKARSU
404,Halkapınar,SEYDİFAKILI,YERALTI SULARI
405,Halkapınar,YASSIKAYA,YERALTI SULARI
406,Halkapınar,YAYIKLI,YERALTI SULARI
407,Halkapınar,YEŞİLYURT,YERALTI SULARI
408,Halkapınar,ÇAKILLAR,ŞAHSİ KUYULAR
409,Hüyük,BAŞLAMIŞ,GÖLET
410,Hüyük,BUDAK,GÖL
411,Hüyük,BURUNSUZ,GÖLET
412,Hüyük,ÇAMLICA,YERALTI SULARI
413,Hüyük,ÇAVUŞ,GÖLET
414,Hüyük,ÇUKURKENT,GÖLET
415,Hüyük,DEĞİRMENALTI,GÖLET
416,Hüyük,GÖÇERİ,BARAJ
417,Hüyük,GÖRÜNMEZ,ŞAHSİ KUYULAR
418,Hüyük,İLMEN,GÖLET
419,Hüyük,İMRENLER,GÖLET
420,Hüyük,KIRELİ,GÖL
421,Hüyük,KÖŞK,GÖLET
422,Hüyük,MUTLU,"BARAJ, GÖLET"
423,Hüyük,PINARBAŞI,GÖLET
424,Hüyük,SELKİ,GÖL
425,Hüyük,SULUDERE,GÖLET
426,Hüyük,TOLCA,YERALTI SULARI
427,Hüyük,YENİCE,"GÖL, KANAL"
428,Ilgın,ARGITHANI,ŞAHSİ KUYULAR
429,Ilgın,BEYKONAK,"ŞAHSİ KUYULAR, GÖL"
430,Ilgın,ÇAVUŞÇUGÖL,GÖL
431,Ilgın,AĞALAR,ŞAHSİ KUYULAR
432,Ilgın,BALKI,YERALTI SULARI
433,Ilgın,BARAKMUSLU,YOK
434,Ilgın,BELEKLER,DERE
435,Ilgın,BOĞAZKENT,KOOPERATİF KUYULARI
436,Ilgın,BULCUK,GÖLET
437,Ilgın,BÜYÜKOBA,ŞAHSİ KUYULAR
438,Ilgın,ÇİĞİL,GÖLET
439,Ilgın,ÇATAK,YOK
440,Ilgın,ÇOBANKAYA,YOK
441,Ilgın,ÇÖMLEKCİ,YOK
442,Ilgın,DEREKÖY,AKARSU
443,Ilgın,DIĞRAK,YOK
444,Ilgın,DÜĞER,ŞAHSİ KUYULAR
445,Ilgın,ELDEŞ,GÖL
446,Ilgın,GEÇİT,ŞAHSİ KUYULAR
447,Ilgın,GEDİKÖREN,ÇAY
448,Ilgın,GÖSTERE,YERALTI SULARI
449,Ilgın,GÖKÇEYURT,ŞAHSİ KUYULAR
450,Ilgın,GÖLYAKA,ŞAHSİ KUYULAR
451,Ilgın,GÖKBUDAK,AKARSU
452,Ilgın,GÜNEYPINAR,DERE
453,Ilgın,HARMANYAZI,YERALTI SULARI
454,Ilgın,İHSANİYE,GÖL
455,Ilgın,KAPAKLI,ŞAHSİ KUYULAR
456,Ilgın,KARAKÖY,GÖL
457,Ilgın,KALEKÖY,ŞAHSİ KUYULAR
458,Ilgın,MAHMUTHİSAR,GÖLET
459,Ilgın,MECİDİYE,GÖLET
460,Ilgın,MİSAFİRLİ,"ŞAHSİ KUYULAR, YERALTI SULARI"
461,Ilgın,OLUKPINAR,KOOPERATİF KUYULARI
462,Ilgın,ORHANİYE,YERALTI SULARI
463,Ilgın,ORMANÖZÜ,AKARSU
464,Ilgın,SADIKKÖY,GÖL
465,Ilgın,SEBİLLER,YERALTI SULARI
466,Ilgın,TEKELER,YOK
467,Ilgın,YUKARIÇİĞİL,GÖLET
468,Ilgın,YORAZLAR,ŞAHSİ KUYULAR
469,Ilgın,ZAFERİYE,"BARAJ, GÖL"
470,Ilgın,AVDAN,ŞAHSİ KUYULAR
471,Kadınhanı,OSMANCIK,GÖLET
472,Kadınhanı,AFŞARLI,ŞAHSİ KUYULAR
473,Kadınhanı,ALABAĞ,ŞAHSİ KUYULAR
474,Kadınhanı,ATLANTI,ŞAHSİ KUYULAR
475,Kadınhanı,BAKIRPINAR,ŞAHSİ KUYULAR
476,Kadınhanı,BAŞKUYU,YERALTI SULARI
477,Kadınhanı,BAYRAMLI,YERALTI SULARI
478,Kadınhanı,BEYKAVAĞI,GÖLET
479,Kadınhanı,BULGURPINAR,KANAL
480,Kadınhanı,ÇAVDAR,GÖL
481,Kadınhanı,ÇEŞMECİK,YOK
482,Kadınhanı,ÇUBUK,YOK
483,Kadınhanı,DEMİROLUK,GÖLET
484,Kadınhanı,HACIMEHMETLİ,ŞAHSİ KUYULAR
485,Kadınhanı,HACIOFLAZLAR,YERALTI SULARI
486,Kadınhanı,HACIPİRLİ,ŞAHSİ KUYULAR
487,Kadınhanı,KABACALI,YOK
488,Kadınhanı,KAMIŞLIÖZÜ,KOOPERATİF KUYULARI
489,Kadınhanı,KARAHİSARLI,ŞAHSİ KUYULAR
490,Kadınhanı,KARAKURTLU,YERALTI SULARI
491,Kadınhanı,KARASEVİNÇ,YOK
492,Kadınhanı,KARAYÜRÜKLÜ,ŞAHSİ KUYULAR
493,Kadınhanı,KIZILKUYU,ŞAHSİ KUYULAR
494,Kadınhanı,KOLUKISA,YERALTI SULARI
495,Kadınhanı,KONURÖREN,ŞAHSİ KUYULAR
496,Kadınhanı,KÖKEZ,ŞAHSİ KUYULAR
497,Kadınhanı,KÖYLÜTOLU,ŞAHSİ KUYULAR
498,Kadınhanı,KURTHASANLI,ŞAHSİ KUYULAR
499,Kadınhanı,KÜÇÜKKUYU,YERALTI SULARI
500,Kadınhanı,MAHMUDİYE,GÖL
501,Kadınhanı,MEYDANLI,YERALTI SULARI
502,Kadınhanı,ÖRNEK,ŞAHSİ KUYULAR
503,Kadınhanı,PİRALİ,YOK
504,Kadınhanı,PUSAT,GÖL
505,Kadınhanı,SAÇIKARA,YERALTI SULARI
506,Kadınhanı,SARIKAYA,YOK
507,Kadınhanı,SÖĞÜTÖZÜ,ŞAHSİ KUYULAR
508,Kadınhanı,ŞAHÖREN,GÖLET
509,Kadınhanı,TOSUNOĞLU,ŞAHSİ KUYULAR
510,Kadınhanı,YAĞLICA,YOK
511,Kadınhanı,YAYLAYAKA,ŞAHSİ KUYULAR
512,Karapınar,HOTAMIŞ,YERALTI SULARI
513,Karapınar,KESMEZ,YERALTI SULARI
514,Karapınar,AKÇAYAZI,YERALTI SULARI
515,Karapınar,AKÖREN,YERALTI SULARI
516,Karapınar,ÇİĞİL,YERALTI SULARI
517,Karapınar,HASANOBA,YERALTI SULARI
518,Karapınar,İSLİK,YERALTI SULARI
519,Karapınar,KARAKIŞLA,YERALTI SULARI
520,Karapınar,KAYACIK,YERALTI SULARI
521,Karapınar,KAYALI,ŞAHSİ KUYULAR
522,Karapınar,KAZANHÜYÜĞÜ,"ŞAHSİ KUYULAR, KOOPERATİF KUYULARI"
523,Karapınar,KÜÇÜKAŞLAMA,"ŞAHSİ KUYULAR, YERALTI SULARI"
524,Karapınar,ORTAOBA,"ŞAHSİ KUYULAR, KOOPERATİF KUYULARI"
525,Karapınar,OYMALI,KOOPERATİF KUYULARI
526,Karapınar,SAZLIPINAR,ŞAHSİ KUYULAR
527,Karapınar,YAĞMAPINAR,"ŞAHSİ KUYULAR, KOOPERATİF KUYULARI"
528,Karapınar,YENİKUYU,KOOPERATİF KUYULARI
529,Karapınar,YEŞİLYURT,ŞAHSİ KUYULAR
530,Karatay,YARMA,BARAJ
531,Karatay,ACIDORT,"KANAL, YERALTI SULARI"
532,Karatay,AĞSAKLI,ŞAHSİ KUYULAR
533,Karatay,AKBAŞ,ŞAHSİ KUYULAR
534,Karatay,AKÖRENKIŞLA,YERALTI SULARI
535,Karatay,BAKIRTOLU,"BARAJ, GÖLET, YERALTI SULARI"
536,Karatay,BAŞGÖTÜREN,"ŞAHSİ KUYULAR, KOOPERATİF KUYULARI"
537,Karatay,BEŞAĞIL,YERALTI SULARI
538,Karatay,BÜYÜKBURNAK,ŞAHSİ KUYULAR
539,Karatay,ÇENGİLTİ,"ŞAHSİ KUYULAR, KANAL"
540,Karatay,DİVANLAR,YOK
541,Karatay,ESENTEPE,ŞAHSİ KUYULAR
542,Karatay,GÖÇÜ,BARAJ
543,Karatay,HAYIROĞLU MERKEZ,ŞAHSİ KUYULAR
544,Karatay,İPEKLER,YERALTI SULARI
545,Karatay,İSMİL,BARAJ
546,Karatay,KARADONA,"ŞAHSİ KUYULAR, YERALTI SULARI"
547,Karatay,KARAKAYA,YOK
548,Karatay,KATRANCI,ŞAHSİ KUYULAR
549,Karatay,KIZÖREN,KOOPERATİF KUYULARI
550,Karatay,KÖSEALİ,ŞAHSİ KUYULAR
551,Karatay,OBRUK,YERALTI SULARI
552,Karatay,OVAKAVAĞI,ŞAHSİ KUYULAR
553,Karatay,SAKYATAN,KANAL
554,Karatay,SÜRÜÇ,YERALTI SULARI
555,Karatay,ŞATIR,KOOPERATİF KUYULARI
556,Karatay,YAĞLIBAYAT,ŞAHSİ KUYULAR
557,Karatay,YAVŞANKUYU,ŞAHSİ KUYULAR
558,Karatay,YENİCE,YERALTI SULARI
559,Karatay,YENİKENT,ŞAHSİ KUYULAR
560,Karatay,ZİNCİRLİ,ŞAHSİ KUYULAR
561,Kulu,ACIKUYU,ŞAHSİ KUYULAR
562,Kulu,AĞILBAŞI,ŞAHSİ KUYULAR
563,Kulu,ALTILAR,AKARSU
564,Kulu,ARŞINCA,ŞAHSİ KUYULAR
565,Kulu,BEŞKARDEŞ,YOK
566,Kulu,BOĞAZÖREN,YOK
567,Kulu,BOZAN,ŞAHSİ KUYULAR
568,Kulu,BURUNAĞIL,ŞAHSİ KUYULAR
569,Kulu,CANIMANA,YERALTI SULARI
570,Kulu,CELEP,ŞAHSİ KUYULAR
571,Kulu,DİPDEDE,YOK
572,Kulu,DOĞUTEPE,ŞAHSİ KUYULAR
573,Kulu,FEVZİYE,ŞAHSİ KUYULAR
574,Kulu,GÖKLER,YOK
575,Kulu,GÜZELYAYLA,ŞAHSİ KUYULAR
576,Kulu,HİSAR,YOK
577,Kulu,KARACADAĞ,DERE
578,Kulu,KARACADERE,YOK
579,Kulu,KIRKKUYU,YOK
580,Kulu,KIRKPINAR,YOK
581,Kulu,KOZANLI,"YERALTI SULARI, KOOPERATİF KUYULARI"
582,Kulu,KÖMÜŞİNİ,YOK
583,Kulu,KÖŞKER,YOK
584,Kulu,SARIYAYLA,KOOPERATİF KUYULARI
585,Kulu,SEYİTAHMETLİ,"DERE, YERALTI SULARI"
586,Kulu,SOĞUKKUYU,ŞAHSİ KUYULAR
587,Kulu,ŞEREFLİ,ŞAHSİ KUYULAR
588,Kulu,TAVLIÖREN,ŞAHSİ KUYULAR
589,Kulu,ÖMERANLI,ŞAHSİ KUYULAR
590,Kulu,TUZYAKA,ŞAHSİ KUYULAR
591,Kulu,YARAŞLI,YOK
592,Kulu,YAZIÇAYIR,YOK
593,Kulu,YEŞİLTEPE,ŞAHSİ KUYULAR
594,Kulu,YEŞİLYURT,ŞAHSİ KUYULAR
595,Kulu,ZİNCİRLİKUYU,YERALTI SULARI
596,Kulu,BAHADIRLI,ŞAHSİ KUYULAR
597,Kulu,DEĞİRMENÖZÜ,ŞAHSİ KUYULAR
598,Meram,ERENKAYA,YOK
599,Meram,YATAĞAN,ŞAHSİ KUYULAR
600,Meram,GÖKYURT,"ŞAHSİ KUYULAR, AKARSU"
601,Meram,BAYAT,ŞAHSİ KUYULAR
602,Meram,BORUKTOLU,YERALTI SULARI
603,Meram,BOTSA,GÖLET
604,Meram,ÇAYIRBAĞI,KOOPERATİF KUYULARI
605,Meram,ÇOMAKLAR,"DERE, YERALTI SULARI"
606,Meram,ÇUKURÇİMEN,KOOPERATİF KUYULARI
607,Meram,EVLİYATEKKE,GÖLET
608,Meram,HATUNSARAY,"ŞAHSİ KUYULAR, GÖLET"
609,Meram,İKİPINAR,"DERE, YERALTI SULARI"
610,Meram,İLYASBABA,DERE
611,Meram,İNLİCE,GÖLET
612,Meram,KARAAĞAÇ,YOK
613,Meram,KAVAK,YERALTI SULARI
614,Meram,KAYADİBİ,ŞAHSİ KUYULAR
615,Meram,KAYALI,ÇAY
616,Meram,KAYHÜYÜK,YERALTI SULARI
617,Meram,KIZILÖREN,KOOPERATİF KUYULARI
618,Meram,KUMRALI,YERALTI SULARI
619,Meram,SADIKLAR,"ŞAHSİ KUYULAR, AKARSU"
620,Meram,SAĞLIK,YERALTI SULARI
621,Meram,SARIKIZ,YOK
622,Meram,SEFAKÖY,BARAJ
623,Meram,YEŞİLDERE,YERALTI SULARI
624,Meram,YEŞİLTEKKE,YERALTI SULARI
625,Meram,KAŞINHANI,ŞAHSİ KUYULAR
626,Sarayönü,LADİK,GÖLET
627,Sarayönü,BAHÇESARAY,"ŞAHSİ KUYULAR, KOOPERATİF KUYULARI"
628,Sarayönü,BAŞHÜYÜK,ŞAHSİ KUYULAR
629,Sarayönü,BOYALI,ŞAHSİ KUYULAR
630,Sarayönü,BÜYÜKZENGİ,ÇAY
631,Sarayönü,ÇEŞMELİSEBİL,YERALTI SULARI
632,Sarayönü,DEĞİRMENLİ,"ŞAHSİ KUYULAR, YERALTI SULARI"
633,Sarayönü,ERTUĞRUL,GÖLET
634,Sarayönü,GÖZLÜ,"ŞAHSİ KUYULAR, YERALTI SULARI"
635,Sarayönü,KADIOĞLU,ŞAHSİ KUYULAR
636,Sarayönü,KARABIYIK,YOK
637,Sarayönü,KARATEPE,ŞAHSİ KUYULAR
638,Sarayönü,KAYIÖREN,ŞAHSİ KUYULAR
639,Sarayönü,KONAR,ŞAHSİ KUYULAR
640,Sarayönü,KURŞUNLU,YOK
641,Sarayönü,KUYULUSEBİL,ŞAHSİ KUYULAR
642,Sarayönü,ÖZKENT,YERALTI SULARI
643,Sarayönü,YENİCEKAYA,ŞAHSİ KUYULAR
644,Selçuklu,BAŞARAKAVAK,AKARSU
645,Selçuklu,hasan,""
646,Selçuklu,SARAYKÖY,YOK
647,Selçuklu,SULUTAS,YOK
648,Selçuklu,TATKÖY,YOK
649,Selçuklu,AKPINAR,ŞAHSİ KUYULAR
650,Selçuklu,BAĞRIKURT,YOK
651,Selçuklu,BİÇER,ŞAHSİ KUYULAR
652,Selçuklu,ÇALDERE,"ŞAHSİ KUYULAR, KOOPERATİF KUYULARI"
653,Selçuklu,ÇALTI,ŞAHSİ KUYULAR
654,Selçuklu,ÇANDIR,YOK
655,Selçuklu,DAĞDERE,ŞAHSİ KUYULAR
656,Selçuklu,EĞRİBAYAT,ŞAHSİ KUYULAR
657,Selçuklu,GÜVENÇ,ŞAHSİ KUYULAR
658,Selçuklu,KALE,"ŞAHSİ KUYULAR, YERALTI SULARI"
659,Selçuklu,KARAÖMERLER,ŞAHSİ KUYULAR
660,Selçuklu,KERVAN,YOK
661,Selçuklu,KINIK,ŞAHSİ KUYULAR
662,Selçuklu,KIZILCAKUYU,YOK
663,Selçuklu,MEYDAN,YOK
664,Selçuklu,SELAHATTİN,AKARSU
665,Selçuklu,SIZMA,ŞAHSİ KUYULAR
666,Selçuklu,TEPEKENT,AKARSU
667,Selçuklu,ULUMUHSİNE,"ÇAY, GÖL"
668,Selçuklu,YAZIBELEN,ŞAHSİ KUYULAR
669,Selçuklu,SİLLE,BARAJ
670,Selçuklu,ARDIÇLI,GÖLET
671,Selçuklu,AŞAĞIPINARBAŞI,YERALTI SULARI
672,Selçuklu,YUKARIPINARBAŞI,YERALTI SULARI
673,Selçuklu,KÜÇÜKMUHSİNE,BARAJ
674,Selçuklu,SARICALAR,YERALTI SULARI
675,Selçuklu,TÖMEK,ŞAHSİ KUYULAR
676,Selçuklu,YÜKSELEN,KOOPERATİF KUYULARI
677,Selçuklu,Mehmet Fatih,""
678,Seydişehir,KESECİK,"GÖL, YERALTI SULARI"
679,Seydişehir,AKÇALAR,ŞAHSİ KUYULAR
680,Seydişehir,AŞAĞIKARAÖREN,GÖL
681,Seydişehir,BAŞKARAÖREN,GÖL
682,Seydişehir,BOSTANDERE,GÖLET
683,Seydişehir,BOYALI,"ŞAHSİ KUYULAR, KOOPERATİF KUYULARI"
684,Seydişehir,BÜKÇE,"DERE, YERALTI SULARI"
685,Seydişehir,ÇAT,DERE
686,Seydişehir,ÇATMAKAYA,ŞAHSİ KUYULAR
687,Seydişehir,ÇAVUŞ,"ŞAHSİ KUYULAR, YERALTI SULARI"
688,Seydişehir,DİKİLİTAŞ,GÖLET
689,Seydişehir,GEVREKLİ,GÖL
690,Seydişehir,GÖKÇEHÜYÜK,GÖLET
691,Seydişehir,GÖKHÜYÜK,KANAL
692,Seydişehir,GÖLYÜZÜ,GÖL
693,Seydişehir,IRMAKLI,ÇAY
694,Seydişehir,İNCESU,GÖL
695,Seydişehir,KARABULAK,GÖL
696,Seydişehir,KARACAÖREN,DERE
697,Seydişehir,KAVAK,ŞAHSİ KUYULAR
698,Seydişehir,KETENLİ,ŞAHSİ KUYULAR
699,Seydişehir,KIZILCA,"GÖLET, YERALTI SULARI"
700,Seydişehir,KOZLU,GÖLET
701,Seydişehir,KUMLUCA,KANAL
702,Seydişehir,KURAN,GÖL
703,Seydişehir,MADENLİ,YOK
704,Seydişehir,MESUDİYE,GÖLET
705,Seydişehir,MURADİYE,GÖL
706,Seydişehir,OĞLAKÇI,KOOPERATİF KUYULARI
707,Seydişehir,ORTAKARAÖREN,GÖL
708,Seydişehir,SARAYCIK,ŞAHSİ KUYULAR
709,Seydişehir,SUSUZ,GÖL
710,Seydişehir,TARAŞÇI,GÖLET
711,Seydişehir,TAŞAĞIL,GÖL
712,Seydişehir,TEPECİK,YOK
713,Seydişehir,TOL,"YERALTI SULARI, KOOPERATİF KUYULARI"
714,Seydişehir,UFACIK,YOK
715,Seydişehir,YAYLACIK,"GÖLET, YERALTI SULARI"
716,Seydişehir,YENİCE,YERALTI SULARI
717,Taşkent,AFŞAR,ŞAHSİ KUYULAR
718,Taşkent,BALCILAR,YERALTI SULARI
719,Taşkent,BOLAY,YERALTI SULARI
720,Taşkent,ÇETMİ,"ÇAY, DERE"
721,Taşkent,KECİMEN,YERALTI SULARI
722,Taşkent,KONGUL,YERALTI SULARI
723,Taşkent,SAZAK,DERE
724,Taşkent,ILICAPINAR,AKARSU
725,Tuzlukçu,KONARI,YOK
726,Tuzlukçu,MEVLÜTLÜ,YOK
727,Tuzlukçu,KORAŞI,YOK
728,Tuzlukçu,ÇÖĞÜRLÜ,ŞAHSİ KUYULAR
729,Tuzlukçu,TURSUNLU,ŞAHSİ KUYULAR
730,Tuzlukçu,KUNDULLU,ÇAY
731,Tuzlukçu,PAZARKAYA,YOK
732,Tuzlukçu,SUBATAN,ŞAHSİ KUYULAR
733,Tuzlukçu,GÜRSU,ŞAHSİ KUYULAR
734,Tuzlukçu,ERDOĞDU,ŞAHSİ KUYULAR
735,Tuzlukçu,KÖKLÜCE,"DERE, YERALTI SULARI"
736,Yalıhüyük,SARAY,YOK
737,Yalıhüyük,ARASÖĞÜT,YOK
738,Yunak,KUZÖREN,"ŞAHSİ KUYULAR, KOOPERATİF KUYULARI"
739,Yunak,KOÇYAZI,ŞAHSİ KUYULAR
740,Yunak,TURGUT,ŞAHSİ KUYULAR
741,Yunak,PİRİBEYLİ,YOK
742,Yunak,SÜLÜKLÜ,ŞAHSİ KUYULAR
743,Yunak,ALTINÖZ,ŞAHSİ KUYULAR
744,Yunak,AYRITEPE,YOK
745,Yunak,BEŞIŞIKLI,ŞAHSİ KUYULAR
746,Yunak,CEBRAİL,YOK
747,Yunak,ÇAYIRBAŞI,"ŞAHSİ KUYULAR, YERALTI SULARI"
748,Yunak,EĞRİKUYU,ŞAHSİ KUYULAR
749,Yunak,HACIÖMEROĞLU,DERE
750,Yunak,HATIRLI,ŞAHSİ KUYULAR
751,Yunak,HACIFAKILI,ŞAHSİ KUYULAR
752,Yunak,HARUNLAR,YOK
753,Yunak,HURSUNLU,YERALTI SULARI
754,Yunak,İMAMOĞLU,YERALTI SULARI
755,Yunak,KARGALI,YOK
756,Yunak,KARAYAYLA,YERALTI SULARI
757,Yunak,KILLAR,"ŞAHSİ KUYULAR, KOOPERATİF KUYULARI"
758,Yunak,KURTUŞAĞI,YOK
759,Yunak,KUYUBAŞI,YERALTI SULARI
760,Yunak,MEŞELİK,YOK
761,Yunak,ODABAŞI,"ŞAHSİ KUYULAR, GÖLET"
762,Yunak,ORTAKIŞLA,"ŞAHSİ KUYULAR, DERE"
763,Yunak,ÖZYAYLA,DERE
764,Yunak,SERTLER,ŞAHSİ KUYULAR
765,Yunak,SEVİNÇ,YOK
766,Yunak,SIRAM,YOK
767,Yunak,SİNANLI,ŞAHSİ KUYULAR
768,Yunak,YAVAŞLI,ŞAHSİ KUYULAR
769,Yunak,YEŞİLOBA,ŞAHSİ KUYULAR
770,Yunak,YEŞİLYAYLA,YERALTI SULARI
771,Yunak,YIĞAR,"ŞAHSİ KUYULAR, YERALTI SULARI"
772,Yunak,SARAY,"ŞAHSİ KUYULAR, YERALTI SULARI"
773,"","",""
