ilce_adi,mahalle_adi,hayvan_beslemede_kullanilan_urunler1,hayvan_beslemede_kullanilan_urunler2,hayvan_beslemede_kullanilan_urunler3,hayvan_beslemede_kullanilan_urunler4,hayvan_beslemede_kullanilan_urunler5,hayvan_beslemede_kullanilan_urunler6,hayvan_beslemede_kullanilan_urunler7
Ahırlı,ALİÇERÇİ,ARPA, HAZIR YEM,YOK,YOK,YOK,YOK,YOK
Ahırlı,BADEMLİ,KÜSPE, SİLAJLIK MISIR, HAZIR YEM,YOK,YOK,YOK,YOK
Ahırlı,BALIKLAVA,KÜSPE, ARPA, ÇAVDAR, SİLAJLIK MISIR,YOK,YOK,YOK
Ahırlı,BÜYÜKÖZ,BUĞDAY, KÜSPE, KEPEK, ARPA,YOK,YOK,YOK
Ahırlı,ÇİFTLİK,BUĞDAY, ARPA, SAMAN, HAZIR YEM,YOK,YOK,YOK
Ahırlı,ERDOĞAN,FİĞ, ARPA, SAMAN, YONCA, HAZIR YEM,YOK,YOK
Ahırlı,KARACAKUYU,SAMAN, HAZIR YEM,YOK,YOK,YOK,YOK,YOK
Ahırlı,KAYACIK,FİĞ, ARPA, SAMAN, HAZIR YEM,YOK,YOK,YOK
Ahırlı,KURUÇAY,ARPA, SAMAN, SİLAJLIK MISIR, HAZIR YEM,YOK,YOK,YOK
Ahırlı,KÜÇÜKÖZ,KÜSPE, SAMAN, HAZIR YEM,YOK,YOK,YOK,YOK
Akören,AVDAN,HAZIR YEM,YOK,YOK,YOK,YOK,YOK,YOK
Akören,KAYASU,ARPA, SAMAN, YONCA, HAZIR YEM,YOK,YOK,YOK
Akören,AHMEDİYE,BUĞDAY, YULAF, ARPA, SİLAJLIK MISIR,YOK,YOK,YOK
Akören,ALAN,YULAF, FİĞ, ARPA, SAMAN, YONCA, SİLAJLIK MISIR, HAZIR YEM
Akören,BELKUYU,KÜSPE, ARPA, SAMAN, SİLAJLIK MISIR, HAZIR YEM,YOK,YOK
Akören,ÇATÖREN,FİĞ, ARPA, YONCA, SİLAJLIK MISIR, HAZIR YEM,YOK,YOK
Akören,DUTLU,FİĞ, ARPA, HAZIR YEM,YOK,YOK,YOK,YOK
Akören,ORHANİYE,KÜSPE, ARPA, SİLAJLIK MISIR, HAZIR YEM,YOK,YOK,YOK
Akören,SÜLEYMANİYE,FİĞ, KÜSPE, SAMAN, YONCA, SİLAJLIK MISIR,YOK,YOK
Akören,TÜLCE,SAMAN, YONCA, HAZIR YEM,YOK,YOK,YOK,YOK
Akören,KARAHÜYÜK,YULAF, ARPA, SAMAN, YONCA, SİLAJLIK MISIR, HAZIR YEM,YOK
Akşehir,ÇAKILLAR,YULAF, FİĞ, ARPA, HAZIR YEM,YOK,YOK,YOK
Akşehir,GEDİL,ARPA, YONCA, SİLAJLIK MISIR,YOK,YOK,YOK,YOK
Akşehir,KARAHÜYÜK,ARPA, SAMAN, HAZIR YEM,YOK,YOK,YOK,YOK
Akşehir,ADSIZ,FİĞ, ARPA, YONCA, SİLAJLIK MISIR,YOK,YOK,YOK
Akşehir,ALANYURT,ARPA, YONCA, HAZIR YEM,YOK,YOK,YOK,YOK
Akşehir,ALTUNTAŞ,YULAF, KÜSPE, ARPA,YOK,YOK,YOK,YOK
Akşehir,ATAKENT,FİĞ, ARPA, SAMAN, SİLAJLIK MISIR,YOK,YOK,YOK
Akşehir,BOZLAĞAN,YULAF, FİĞ, ARPA, SİLAJLIK MISIR,YOK,YOK,YOK
Akşehir,CANKURTARAN,ARPA, SAMAN, HAZIR YEM,YOK,YOK,YOK,YOK
Akşehir,ÇAMLI,YULAF, ARPA, YONCA, SİLAJLIK MISIR,YOK,YOK,YOK
Akşehir,ÇİMENDERE,KÜSPE, ARPA, SAMAN, YONCA,YOK,YOK,YOK
Akşehir,DEĞİRMENKÖY,KÜSPE, KEPEK, ARPA, SAMAN,YOK,YOK,YOK
Akşehir,DOĞRUGÖZ,FİĞ, ARPA, HAZIR YEM,YOK,YOK,YOK,YOK
Akşehir,ENGİLİ,FİĞ, ARPA, SAMAN, HAZIR YEM,YOK,YOK,YOK
Akşehir,GÖLÇAYIR,HAZIR YEM,YOK,YOK,YOK,YOK,YOK,YOK
Akşehir,GÖZPINARI,YULAF, FİĞ, YONCA, SİLAJLIK MISIR, HAZIR YEM,YOK,YOK
Akşehir,ILICAK,FİĞ, SAMAN, YONCA, HAZIR YEM,YOK,YOK,YOK
Akşehir,KARABULUT,YONCA, SİLAJLIK MISIR,YOK,YOK,YOK,YOK,YOK
Akşehir,ORTACA,YULAF, FİĞ, ARPA, HAZIR YEM,YOK,YOK,YOK
Akşehir,ORTAKÖY,ARPA, HAZIR YEM,YOK,YOK,YOK,YOK,YOK
Akşehir,REİS,BUĞDAY, ARPA, SAMAN, SİLAJLIK MISIR,YOK,YOK,YOK
Akşehir,SAVAŞ,YULAF, FİĞ, ARPA, SAMAN, SİLAJLIK MISIR,YOK,YOK
Akşehir,SORKUN,KÜSPE, SAMAN, YONCA,YOK,YOK,YOK,YOK
Akşehir,SÖĞÜTLÜ,ARPA, SİLAJLIK MISIR,YOK,YOK,YOK,YOK,YOK
Akşehir,TEKKE,HAZIR YEM,YOK,YOK,YOK,YOK,YOK,YOK
Akşehir,TİPİKÖY,FİĞ, KÜSPE, ARPA, YONCA, HAZIR YEM,YOK,YOK
Akşehir,ULUPINAR,FİĞ, SAMAN, YONCA,YOK,YOK,YOK,YOK
Akşehir,ÜÇHÜYÜK,KÜSPE, ARPA, YONCA, HAZIR YEM,YOK,YOK,YOK
Akşehir,YAŞARLAR,FİĞ, ARPA, YONCA, SİLAJLIK MISIR,YOK,YOK,YOK
Akşehir,YAYLABELEN,FİĞ, ARPA, YONCA, SİLAJLIK MISIR,YOK,YOK,YOK
Akşehir,YAZLA,FİĞ, ARPA, YONCA, SİLAJLIK MISIR, HAZIR YEM,YOK,YOK
Akşehir,YENİKÖY,KÜSPE, SAMAN,YOK,YOK,YOK,YOK,YOK
Akşehir,YEŞİLKÖY,FİĞ, ARPA, YONCA, SİLAJLIK MISIR,YOK,YOK,YOK
Akşehir,SARAY,FİĞ, SİLAJLIK MISIR, HAZIR YEM,YOK,YOK,YOK,YOK
Altınekin,OĞUZELİ,ARPA, HAZIR YEM,YOK,YOK,YOK,YOK,YOK
Altınekin,AKCAŞAR,ARPA, SAMAN, HAZIR YEM,YOK,YOK,YOK,YOK
Altınekin,AYIŞIĞI,ARPA, SİLAJLIK MISIR, HAZIR YEM,YOK,YOK,YOK,YOK
Altınekin,AKKÖY,KÜSPE, ARPA, HAZIR YEM,YOK,YOK,YOK,YOK
Altınekin,BORUKKUYU,YULAF, KÜSPE, ARPA,YOK,YOK,YOK,YOK
Altınekin,HACINUMAN,ARPA, SAMAN, SİLAJLIK MISIR, HAZIR YEM,YOK,YOK,YOK
Altınekin,KARAKAYA,BUĞDAY, YULAF, ARPA, SAMAN, SİLAJLIK MISIR,YOK,YOK
Altınekin,KOÇAŞ,KÜSPE, ARPA, HAZIR YEM,YOK,YOK,YOK,YOK
Altınekin,KOÇYAKA,ARPA, SAMAN, HAZIR YEM,YOK,YOK,YOK,YOK
Altınekin,MANTAR,SAMAN, YONCA, SİLAJLIK MISIR, HAZIR YEM,YOK,YOK,YOK
Altınekin,YENİÖLMEZ,KÜSPE, ARPA, SAMAN, SİLAJLIK MISIR, HAZIR YEM,YOK,YOK
Altınekin,SARNIÇ,KÜSPE, ARPA, SAMAN, SİLAJLIK MISIR, HAZIR YEM,YOK,YOK
Altınekin,TOPRAKLIK,ARPA, SİLAJLIK MISIR, HAZIR YEM,YOK,YOK,YOK,YOK
Altınekin,YENİKUYU,FİĞ, ARPA, YONCA,YOK,YOK,YOK,YOK
Altınekin,YENİYAYLA,BUĞDAY, ARPA, HAZIR YEM,YOK,YOK,YOK,YOK
Altınekin,DEDELER,BUĞDAY, KÜSPE, ARPA, SAMAN, SİLAJLIK MISIR,YOK,YOK
Altınekin,AKINCILAR,ARPA, HAZIR YEM,YOK,YOK,YOK,YOK,YOK
Beyşehir,ADAKÖY,FİĞ, ARPA, SAMAN,YOK,YOK,YOK,YOK
Beyşehir,AĞILÖNÜ,YULAF, FİĞ, ARPA,YOK,YOK,YOK,YOK
Beyşehir,AKBURUN,KÜSPE, ARPA, SAMAN,YOK,YOK,YOK,YOK
Beyşehir,AKÇABELEN,HAZIR YEM,YOK,YOK,YOK,YOK,YOK,YOK
Beyşehir,AVDANCIK,KÜSPE, ARPA, YONCA,YOK,YOK,YOK,YOK
Beyşehir,BADEMLİ,KÜSPE, ARPA, SAMAN, YONCA,YOK,YOK,YOK
Beyşehir,BAYAT,ARPA, HAZIR YEM,YOK,YOK,YOK,YOK,YOK
Beyşehir,BAYAVŞAR,KÜSPE, SAMAN, HAZIR YEM,YOK,YOK,YOK,YOK
Beyşehir,BAYINDIR,YULAF, FİĞ, KÜSPE, ARPA, SAMAN,YOK,YOK
Beyşehir,BAŞGÖZE,KÜSPE, ARPA, HAZIR YEM,YOK,YOK,YOK,YOK
Beyşehir,BEKDEMİR,ARPA, SAMAN, SİLAJLIK MISIR,YOK,YOK,YOK,YOK
Beyşehir,DAMLAPINAR,BUĞDAY, YULAF, FİĞ, KÜSPE, ARPA, YONCA, SİLAJLIK MISIR
Beyşehir,DOĞANBEY,FİĞ, KÜSPE, ARPA, SAMAN,YOK,YOK,YOK
Beyşehir,DOĞANCIK,YULAF, ARPA, ÇAVDAR,YOK,YOK,YOK,YOK
Beyşehir,DUMANLI,ARPA, HAZIR YEM,YOK,YOK,YOK,YOK,YOK
Beyşehir,EMEN,KÜSPE, ARPA, HAZIR YEM,YOK,YOK,YOK,YOK
Beyşehir,ESENCE,FİĞ, ARPA, SİLAJLIK MISIR,YOK,YOK,YOK,YOK
Beyşehir,EYLİKLER,ARPA, HAZIR YEM,YOK,YOK,YOK,YOK,YOK
Beyşehir,EĞİRLER,ARPA, HAZIR YEM,YOK,YOK,YOK,YOK,YOK
Beyşehir,FASILLAR,FİĞ, KÜSPE, ARPA, SAMAN, HAZIR YEM,YOK,YOK
Beyşehir,GÖKÇEKUYU,ARPA, ÇAVDAR, HAZIR YEM,YOK,YOK,YOK,YOK
Beyşehir,GÖKÇİMEN,YULAF, ARPA, YONCA,YOK,YOK,YOK,YOK
Beyşehir,GÖLKAŞI,KÜSPE, ARPA, HAZIR YEM,YOK,YOK,YOK,YOK
Beyşehir,GÖLYAKA,ARPA, HAZIR YEM,YOK,YOK,YOK,YOK,YOK
Beyşehir,GÖNEN,YULAF, ARPA, HAZIR YEM,YOK,YOK,YOK,YOK
Beyşehir,GÖÇÜ,YULAF, FİĞ, ARPA,YOK,YOK,YOK,YOK
Beyşehir,GÜNDOĞDU,BUĞDAY, ARPA, YONCA, HAZIR YEM,YOK,YOK,YOK
Beyşehir,HUĞLU,ARPA, SAMAN, HAZIR YEM,YOK,YOK,YOK,YOK
Beyşehir,HÜSEYİNLER,FİĞ, KÜSPE, ARPA, SİLAJLIK MISIR,YOK,YOK,YOK
Beyşehir,İSAKÖY,ARPA, HAZIR YEM,YOK,YOK,YOK,YOK,YOK
Beyşehir,KARAALİ,FİĞ, SAMAN, YONCA, SİLAJLIK MISIR, HAZIR YEM,YOK,YOK
Beyşehir,KARABAYAT,FİĞ, ARPA,YOK,YOK,YOK,YOK,YOK
Beyşehir,KARADİKEN,YONCA, SİLAJLIK MISIR, HAZIR YEM,YOK,YOK,YOK,YOK
Beyşehir,KARAHİSAR,KÜSPE, ARPA, SİLAJLIK MISIR,YOK,YOK,YOK,YOK
Beyşehir,KAYABAŞI,ARPA, SAMAN, HAZIR YEM,YOK,YOK,YOK,YOK
Beyşehir,KURUCUOVA,ARPA, SİLAJLIK MISIR, HAZIR YEM,YOK,YOK,YOK,YOK
Beyşehir,KUŞLUCA,FİĞ, ARPA, SİLAJLIK MISIR,YOK,YOK,YOK,YOK
Beyşehir,KÜÇÜKAVŞAR,KÜSPE, ARPA, YONCA, HAZIR YEM,YOK,YOK,YOK
Beyşehir,MESUTLAR,FİĞ, ARPA,YOK,YOK,YOK,YOK,YOK
Beyşehir,SADIKHACI,KÜSPE, ARPA, SİLAJLIK MISIR, HAZIR YEM,YOK,YOK,YOK
Beyşehir,SARIKÖY,YULAF, ARPA, SİLAJLIK MISIR, HAZIR YEM,YOK,YOK,YOK
Beyşehir,SEVİNDİK,YULAF, KÜSPE, ARPA, SİLAJLIK MISIR,YOK,YOK,YOK
Beyşehir,ŞAMLAR,YULAF, KÜSPE, SAMAN, HAZIR YEM,YOK,YOK,YOK
Beyşehir,ÜÇPINAR,ARPA, SAMAN, SİLAJLIK MISIR,YOK,YOK,YOK,YOK
Beyşehir,ÜSTÜNLER,BUĞDAY, ARPA, SİLAJLIK MISIR, HAZIR YEM,YOK,YOK,YOK
Beyşehir,ÜZÜMLÜ,YOK,YOK,YOK,YOK,YOK,YOK,YOK
Beyşehir,YAZYURDU,ARPA,YOK,YOK,YOK,YOK,YOK,YOK
Beyşehir,YENİDOĞAN,FİĞ, ARPA, ARPA, YONCA,YOK,YOK,YOK
Beyşehir,YEŞİLDAĞ,BUĞDAY, FİĞ, ARPA, YONCA,YOK,YOK,YOK
Beyşehir,YUKARIESENCE,KÜSPE, ARPA, HAZIR YEM,YOK,YOK,YOK,YOK
Beyşehir,YUNUSLAR,KÜSPE, SİLAJLIK MISIR,YOK,YOK,YOK,YOK,YOK
Beyşehir,ÇİFTLİK,SİLAJLIK MISIR, HAZIR YEM,YOK,YOK,YOK,YOK,YOK
Beyşehir,ÇİVRİL,ARPA, HAZIR YEM,YOK,YOK,YOK,YOK,YOK
Beyşehir,ÇUKURAĞIL,YULAF, ARPA, ÇAVDAR, SİLAJLIK MISIR,YOK,YOK,YOK
Bozkır,ÇAĞLAYAN,SİLAJLIK MISIR, HAZIR YEM,YOK,YOK,YOK,YOK,YOK
Bozkır,HAMZALAR,HAZIR YEM,YOK,YOK,YOK,YOK,YOK,YOK
Bozkır,AKÇAPINAR,HAZIR YEM,YOK,YOK,YOK,YOK,YOK,YOK
Bozkır,ARMUTLU,SAMAN, HAZIR YEM,YOK,YOK,YOK,YOK,YOK
Bozkır,ARSLANTAŞ,HAZIR YEM,YOK,YOK,YOK,YOK,YOK,YOK
Bozkır,AYDINKIŞLA,KÜSPE, ARPA, HAZIR YEM,YOK,YOK,YOK,YOK
Bozkır,AYVALCA,KÜSPE, SAMAN, SİLAJLIK MISIR, HAZIR YEM,YOK,YOK,YOK
Bozkır,BAĞYURDU,KÜSPE, ARPA, HAZIR YEM,YOK,YOK,YOK,YOK
Bozkır,BAYBAĞAN,ARPA, HAZIR YEM,YOK,YOK,YOK,YOK,YOK
Bozkır,BOZDAM,BUĞDAY, ARPA, SAMAN, HAZIR YEM,YOK,YOK,YOK
Bozkır,DEREİÇİ,SAMAN, SİLAJLIK MISIR, HAZIR YEM,YOK,YOK,YOK,YOK
Bozkır,DEREKÖY,BUĞDAY, ARPA, SAMAN, HAZIR YEM,YOK,YOK,YOK
Bozkır,ELMAAĞAÇ,BUĞDAY, FİĞ, ARPA, SAMAN, YONCA,YOK,YOK
Bozkır,HACILAR,BUĞDAY, ARPA, SAMAN,YOK,YOK,YOK,YOK
Bozkır,HACIYUNUSLAR,SAMAN, HAZIR YEM,YOK,YOK,YOK,YOK,YOK
Bozkır,HARMANPINAR,BUĞDAY,YOK,YOK,YOK,YOK,YOK,YOK
Bozkır,HİSARLIK,BUĞDAY, KÜSPE, SAMAN, SİLAJLIK MISIR,YOK,YOK,YOK
Bozkır,IŞIKLAR,SAMAN, HAZIR YEM,YOK,YOK,YOK,YOK,YOK
Bozkır,KARABAYIR,KÜSPE, SAMAN, HAZIR YEM,YOK,YOK,YOK,YOK
Bozkır,KARACAARDIÇ,FİĞ, ARPA,YOK,YOK,YOK,YOK,YOK
Bozkır,KARACAHİSAR,SAMAN, HAZIR YEM,YOK,YOK,YOK,YOK,YOK
Bozkır,KARAYAHYA,HAZIR YEM,YOK,YOK,YOK,YOK,YOK,YOK
Bozkır,KAYACILAR,SAMAN, HAZIR YEM,YOK,YOK,YOK,YOK,YOK
Bozkır,KAYAPINAR,ARPA, SAMAN, SİLAJLIK MISIR, HAZIR YEM,YOK,YOK,YOK
Bozkır,KINIK,HAZIR YEM,YOK,YOK,YOK,YOK,YOK,YOK
Bozkır,KIZILÇAKIR,BUĞDAY, KÜSPE, ARPA, HAZIR YEM,YOK,YOK,YOK
Bozkır,KİLDERE,HAZIR YEM,YOK,YOK,YOK,YOK,YOK,YOK
Bozkır,KOVANLIK,KÜSPE, SAMAN, HAZIR YEM,YOK,YOK,YOK,YOK
Bozkır,KOZAĞAÇ,SAMAN, YONCA, HAZIR YEM,YOK,YOK,YOK,YOK
Bozkır,KUŞÇA,SAMAN, HAZIR YEM,YOK,YOK,YOK,YOK,YOK
Bozkır,KÜÇÜKHİSARLIK,KÜSPE, ARPA,YOK,YOK,YOK,YOK,YOK
Bozkır,PINARCIK,ARPA, HAZIR YEM,YOK,YOK,YOK,YOK,YOK
Bozkır,SARIOĞLAN,SAMAN, SİLAJLIK MISIR,YOK,YOK,YOK,YOK,YOK
Bozkır,SAZLI,HAZIR YEM,YOK,YOK,YOK,YOK,YOK,YOK
Bozkır,SOĞUCAK,SİLAJLIK MISIR, HAZIR YEM,YOK,YOK,YOK,YOK,YOK
Bozkır,SORKUN,ARPA, SAMAN,YOK,YOK,YOK,YOK,YOK
Bozkır,SÖĞÜT,KÜSPE, SAMAN, SİLAJLIK MISIR,YOK,YOK,YOK,YOK
Bozkır,TARLABAŞI,ARPA, SAMAN,YOK,YOK,YOK,YOK,YOK
Bozkır,TAŞBAŞI,KÜSPE, SAMAN, HAZIR YEM,YOK,YOK,YOK,YOK
Bozkır,TEPEARASI,ARPA,YOK,YOK,YOK,YOK,YOK,YOK
Bozkır,TEPELİCE,SAMAN, SİLAJLIK MISIR, HAZIR YEM,YOK,YOK,YOK,YOK
Bozkır,ULUPINAR,HAZIR YEM,YOK,YOK,YOK,YOK,YOK,YOK
Bozkır,ÜÇPINAR,HAZIR YEM,YOK,YOK,YOK,YOK,YOK,YOK
Bozkır,YALNIZCA,HAZIR YEM,YOK,YOK,YOK,YOK,YOK,YOK
Bozkır,YAZDAMI,HAZIR YEM,YOK,YOK,YOK,YOK,YOK,YOK
Bozkır,YELBEYİ,HAZIR YEM,YOK,YOK,YOK,YOK,YOK,YOK
Bozkır,YENİKÖY,HAZIR YEM,YOK,YOK,YOK,YOK,YOK,YOK
Bozkır,YOLÖREN,ARPA, SAMAN, HAZIR YEM,YOK,YOK,YOK,YOK
Çeltik,GÖKPINAR,BUĞDAY, HAZIR YEM,YOK,YOK,YOK,YOK,YOK
Çeltik,ADAKASIM,ARPA, SAMAN, HAZIR YEM,YOK,YOK,YOK,YOK
Çeltik,DOĞANYURT,ARPA, SAMAN, YONCA,YOK,YOK,YOK,YOK
Çeltik,KAŞÖREN,KÜSPE, ARPA, SAMAN, YONCA, SİLAJLIK MISIR, HAZIR YEM,YOK
Çeltik,KÜÇÜKHASAN,BUĞDAY, ARPA, SİLAJLIK MISIR, HAZIR YEM,YOK,YOK,YOK
Çeltik,TORUNLAR,SİLAJLIK MISIR, HAZIR YEM,YOK,YOK,YOK,YOK,YOK
Çeltik,İSHAKUŞAĞI,KÜSPE, ARPA, HAZIR YEM,YOK,YOK,YOK,YOK
Çeltik,HONAMLI,ARPA, SAMAN, YONCA, HAZIR YEM,YOK,YOK,YOK
Cihanbeyli,BÖĞRÜDELİK,ARPA, SİLAJLIK MISIR,YOK,YOK,YOK,YOK,YOK
Cihanbeyli,YAPALI,ARPA, SİLAJLIK MISIR,YOK,YOK,YOK,YOK,YOK
Cihanbeyli,YENİCEOBA,HAZIR YEM,YOK,YOK,YOK,YOK,YOK,YOK
Cihanbeyli,CUMHURİYET,ARPA, SAMAN, HAZIR YEM,YOK,YOK,YOK,YOK
Cihanbeyli,GEMECİK,SAMAN, HAZIR YEM,YOK,YOK,YOK,YOK,YOK
Cihanbeyli,GÖKTEPE,KÜSPE, SAMAN, HAZIR YEM,YOK,YOK,YOK,YOK
Cihanbeyli,AĞABEYLİ,KÜSPE, ARPA, SİLAJLIK MISIR, HAZIR YEM,YOK,YOK,YOK
Cihanbeyli,HODOĞLU,ARPA, HAZIR YEM,YOK,YOK,YOK,YOK,YOK
Cihanbeyli,KAYI,KÜSPE, ARPA, SİLAJLIK MISIR, HAZIR YEM,YOK,YOK,YOK
Cihanbeyli,KIRKIŞLA,HAZIR YEM,YOK,YOK,YOK,YOK,YOK,YOK
Cihanbeyli,KORKMAZLAR,KÜSPE, ARPA, HAZIR YEM,YOK,YOK,YOK,YOK
Cihanbeyli,KÜÇÜKBEŞKAVAK,FİĞ, SAMAN, HAZIR YEM,YOK,YOK,YOK,YOK
Cihanbeyli,MUTLUKONAK,FİĞ, ARPA, HAZIR YEM,YOK,YOK,YOK,YOK
Cihanbeyli,SAĞLIK,KÜSPE, ARPA, SAMAN, HAZIR YEM,YOK,YOK,YOK
Cihanbeyli,SIĞIRCIK,KÜSPE, ARPA, SİLAJLIK MISIR,YOK,YOK,YOK,YOK
Cihanbeyli,TURANLAR,SAMAN, HAZIR YEM,YOK,YOK,YOK,YOK,YOK
Cihanbeyli,TÜFEKÇİPINAR,ARPA, SAMAN, SİLAJLIK MISIR, HAZIR YEM,YOK,YOK,YOK
Cihanbeyli,UZUNCAYAYLA,YULAF, ARPA, HAZIR YEM,YOK,YOK,YOK,YOK
Cihanbeyli,YÜNLÜKUYU,ARPA, SAMAN, HAZIR YEM,YOK,YOK,YOK,YOK
Cihanbeyli,ZAFERİYE,ARPA, HAZIR YEM,YOK,YOK,YOK,YOK,YOK
Cihanbeyli,GÖLYAZI,YULAF, SAMAN, YONCA, SİLAJLIK MISIR, HAZIR YEM,YOK,YOK
Cihanbeyli,GÜNYÜZÜ,HAZIR YEM,YOK,YOK,YOK,YOK,YOK,YOK
Cihanbeyli,İNSUYU,SAMAN, HAZIR YEM,YOK,YOK,YOK,YOK,YOK
Cihanbeyli,KANDİL,ARPA, SAMAN, HAZIR YEM,YOK,YOK,YOK,YOK
Cihanbeyli,KARABAĞ,SAMAN, HAZIR YEM,YOK,YOK,YOK,YOK,YOK
Cihanbeyli,KELHASAN,KÜSPE, SİLAJLIK MISIR, HAZIR YEM,YOK,YOK,YOK,YOK
Cihanbeyli,KUŞCA,KÜSPE, ARPA, SİLAJLIK MISIR, HAZIR YEM,YOK,YOK,YOK
Cihanbeyli,KÜTÜKUŞAĞI,FİĞ, SİLAJLIK MISIR, HAZIR YEM,YOK,YOK,YOK,YOK
Cihanbeyli,TAŞPINAR,FİĞ, SAMAN, HAZIR YEM,YOK,YOK,YOK,YOK
Cihanbeyli,BEYLİOVA,FİĞ, KÜSPE, ARPA, YONCA,YOK,YOK,YOK
Cihanbeyli,ÇİMEN,ARPA, HAZIR YEM,YOK,YOK,YOK,YOK,YOK
Cihanbeyli,ÇÖL,FİĞ, ARPA, YONCA, HAZIR YEM,YOK,YOK,YOK
Cihanbeyli,DAMLAKUYU,KÜSPE, HAZIR YEM,YOK,YOK,YOK,YOK,YOK
Cihanbeyli,BULDUK,BUĞDAY, ARPA, SAMAN,YOK,YOK,YOK,YOK
Cihanbeyli,BÜYÜKBEŞKAVAK,KÜSPE, ARPA, HAZIR YEM,YOK,YOK,YOK,YOK
Cihanbeyli,KARATEPE,KÜSPE, ARPA, YONCA, SİLAJLIK MISIR, HAZIR YEM,YOK,YOK
Çumra,ARIKÖREN,ARPA, SİLAJLIK MISIR, HAZIR YEM,YOK,YOK,YOK,YOK
Çumra,DEDEMOĞLU,ARPA, HAZIR YEM,YOK,YOK,YOK,YOK,YOK
Çumra,TÜRKMENCAMİLİ,ARPA, SAMAN, YONCA, SİLAJLIK MISIR, HAZIR YEM,YOK,YOK
Çumra,A.B.HÜYÜĞÜ,BUĞDAY, FİĞ, KÜSPE, ARPA, SAMAN, SİLAJLIK MISIR, HAZIR YEM
Çumra,DİNEK,FİĞ, ARPA, SAMAN, YONCA, HAZIR YEM,YOK,YOK
Çumra,İÇERİÇUMRA,KÜSPE, SAMAN, YONCA, SİLAJLIK MISIR, HAZIR YEM,YOK,YOK
Çumra,GÜVERCİNLİK,KÜSPE, ARPA, SAMAN, SİLAJLIK MISIR, HAZIR YEM,YOK,YOK
Çumra,KARKIN,KÜSPE, SAMAN, YONCA, SİLAJLIK MISIR, HAZIR YEM,YOK,YOK
Çumra,OKÇU,ARPA, YONCA, SİLAJLIK MISIR, HAZIR YEM,YOK,YOK,YOK
Çumra,YENİSU,FİĞ, ARPA, YONCA, SİLAJLIK MISIR,YOK,YOK,YOK
Çumra,APA,YULAF, KÜSPE, ARPA,YOK,YOK,YOK,YOK
Çumra,ABDİTOLU,FİĞ, KÜSPE, YONCA, SİLAJLIK MISIR, HAZIR YEM,YOK,YOK
Çumra,ADAKALE,BUĞDAY, FİĞ, KÜSPE, ARPA,YOK,YOK,YOK
Çumra,ALEMDAR,BUĞDAY, KÜSPE, YONCA, SİLAJLIK MISIR,YOK,YOK,YOK
Çumra,APASARAYCIK,KÜSPE, HAZIR YEM,YOK,YOK,YOK,YOK,YOK
Çumra,AFŞAR,BUĞDAY, ARPA, HAZIR YEM,YOK,YOK,YOK,YOK
Çumra,AVDUL,FİĞ, KÜSPE, YONCA, SİLAJLIK MISIR, HAZIR YEM,YOK,YOK
Çumra,BALÇIKHİSAR,KÜSPE, SİLAJLIK MISIR,YOK,YOK,YOK,YOK,YOK
Çumra,BEYLERCE,BUĞDAY, FİĞ, ARPA, YONCA, SİLAJLIK MISIR, HAZIR YEM,YOK
Çumra,B.AŞLAMA,ARPA, YONCA, SİLAJLIK MISIR,YOK,YOK,YOK,YOK
Çumra,CİCEK,BUĞDAY, YULAF, ARPA, YONCA, HAZIR YEM,YOK,YOK
Çumra,ÇUKURKAVAK,SAMAN, HAZIR YEM,YOK,YOK,YOK,YOK,YOK
Çumra,DİNLENDİK,FİĞ, YONCA,YOK,YOK,YOK,YOK,YOK
Çumra,DİNEKSARAY,SAMAN, HAZIR YEM,YOK,YOK,YOK,YOK,YOK
Çumra,DOĞANLI,ARPA, YONCA, SİLAJLIK MISIR,YOK,YOK,YOK,YOK
Çumra,FETHİYE,BUĞDAY, KÜSPE, ARPA, SAMAN, SİLAJLIK MISIR, HAZIR YEM,YOK
Çumra,GÖKHÜYÜK,KÜSPE, SAMAN, YONCA, SİLAJLIK MISIR,YOK,YOK,YOK
Çumra,ERENTEPE,ARPA, SİLAJLIK MISIR, HAZIR YEM,YOK,YOK,YOK,YOK
Çumra,İNLİ,FİĞ, KÜSPE, YONCA, SİLAJLIK MISIR, HAZIR YEM,YOK,YOK
Çumra,KUZUCU,KÜSPE, ARPA, YONCA, SİLAJLIK MISIR, HAZIR YEM,YOK,YOK
Çumra,KÜÇÜKKÖY,YONCA, SİLAJLIK MISIR, HAZIR YEM,YOK,YOK,YOK,YOK
Çumra,SEÇME,KÜSPE, ARPA, SİLAJLIK MISIR, HAZIR YEM,YOK,YOK,YOK
Çumra,SÜRGÜÇ,YONCA, HAZIR YEM,YOK,YOK,YOK,YOK,YOK
Çumra,TAHTALI,FİĞ, KÜSPE, ARPA, HAZIR YEM,YOK,YOK,YOK
Çumra,T.KARAHÜYÜK,BUĞDAY, ARPA, SİLAJLIK MISIR, HAZIR YEM,YOK,YOK,YOK
Çumra,TAŞAĞIL,KÜSPE, ARPA, HAZIR YEM,YOK,YOK,YOK,YOK
Çumra,UZUNKUYU,KÜSPE, SİLAJLIK MISIR, HAZIR YEM,YOK,YOK,YOK,YOK
Çumra,ÜÇHÜYÜK,KÜSPE, SAMAN, HAZIR YEM,YOK,YOK,YOK,YOK
Çumra,ÜRÜNLÜ,YONCA, SİLAJLIK MISIR, HAZIR YEM,YOK,YOK,YOK,YOK
Çumra,YÖRÜKCAMİLİ,KÜSPE, ARPA, SAMAN, SİLAJLIK MISIR,YOK,YOK,YOK
Çumra,ÇAYBAŞI,FİĞ, KÜSPE, SAMAN, YONCA, HAZIR YEM,YOK,YOK
Derbent,ÇİFTLİKÖZÜ,ARPA, SAMAN,YOK,YOK,YOK,YOK,YOK
Derbent,DEĞİŞ,ARPA, SAMAN, HAZIR YEM,YOK,YOK,YOK,YOK
Derbent,TEKKE,YULAF, KÜSPE, ARPA, SAMAN,YOK,YOK,YOK
Derbent,GÜNEYKÖY,YULAF, KEPEK, ARPA, HAZIR YEM,YOK,YOK,YOK
Derbent,MÜLAYİM,YULAF, ARPA, ÇAVDAR, HAZIR YEM,YOK,YOK,YOK
Derbent,SARAYPINAR,YULAF, FİĞ, ARPA, SAMAN, YONCA, HAZIR YEM,YOK
Derbent,YASSIÖREN,KÜSPE, ARPA, SİLAJLIK MISIR, HAZIR YEM,YOK,YOK,YOK
Derbent,SÜLEYMAN,KÜSPE, ARPA, SAMAN, YONCA, SİLAJLIK MISIR, HAZIR YEM,YOK
Derbent,KARALAR,FİĞ, SAMAN, YONCA, SİLAJLIK MISIR,YOK,YOK,YOK
Derebucak,ÇAMLIK,SAMAN, HAZIR YEM,YOK,YOK,YOK,YOK,YOK
Derebucak,DURAK,ARPA, SAMAN,YOK,YOK,YOK,YOK,YOK
Derebucak,GENCEK,ARPA, SAMAN, YONCA, SİLAJLIK MISIR, HAZIR YEM,YOK,YOK
Derebucak,GÖYNEM,FİĞ, SAMAN,YOK,YOK,YOK,YOK,YOK
Derebucak,PINARBAŞI,FİĞ, ARPA, YONCA,YOK,YOK,YOK,YOK
Derebucak,TAŞLIPINAR,SAMAN, HAZIR YEM,YOK,YOK,YOK,YOK,YOK
Derebucak,TEPEARASI,SAMAN, HAZIR YEM,YOK,YOK,YOK,YOK,YOK
Derebucak,UĞURLU,FİĞ, ARPA,YOK,YOK,YOK,YOK,YOK
Doğanhisar,BAŞKÖY,ARPA, SAMAN, SİLAJLIK MISIR, HAZIR YEM,YOK,YOK,YOK
Doğanhisar,YAZLICA,ARPA, SAMAN,YOK,YOK,YOK,YOK,YOK
Doğanhisar,AYASLAR,SAMAN, YONCA, HAZIR YEM,YOK,YOK,YOK,YOK
Doğanhisar,ÇINAROBA,FİĞ, ARPA, SAMAN, SİLAJLIK MISIR, HAZIR YEM,YOK,YOK
Doğanhisar,DEŞTİĞİN,FİĞ, SAMAN, YONCA, HAZIR YEM,YOK,YOK,YOK
Doğanhisar,FIRINLI,BUĞDAY, FİĞ, ARPA, HAZIR YEM,YOK,YOK,YOK
Doğanhisar,GÜVENDİK,YULAF, FİĞ, KÜSPE, ARPA, SAMAN, YONCA, HAZIR YEM
Doğanhisar,İLYASLAR,HAZIR YEM,YOK,YOK,YOK,YOK,YOK,YOK
Doğanhisar,KARAAĞA,SİLAJLIK MISIR,YOK,YOK,YOK,YOK,YOK,YOK
Doğanhisar,KEMER,FİĞ, YONCA,YOK,YOK,YOK,YOK,YOK
Doğanhisar,KOÇAŞ,SAMAN, YONCA, SİLAJLIK MISIR,YOK,YOK,YOK,YOK
Doğanhisar,KONAKKALE,YULAF, FİĞ, ARPA, HAZIR YEM,YOK,YOK,YOK
Doğanhisar,TEKKE,BUĞDAY, FİĞ, KÜSPE, ARPA, SAMAN, YONCA,YOK
Doğanhisar,UNCULAR,FİĞ, ARPA, YONCA, SİLAJLIK MISIR,YOK,YOK,YOK
Doğanhisar,YAZIR,YULAF, FİĞ, ARPA, YONCA,YOK,YOK,YOK
Doğanhisar,YENİCE,FİĞ, ARPA, SAMAN, YONCA,YOK,YOK,YOK
Emirgazi,EKİZLİ,HAZIR YEM,YOK,YOK,YOK,YOK,YOK,YOK
Emirgazi,AKMESCİT,YULAF, ARPA, SAMAN, HAZIR YEM,YOK,YOK,YOK
Emirgazi,BESCİ,BUĞDAY, ARPA, SAMAN, SİLAJLIK MISIR, HAZIR YEM,YOK,YOK
Emirgazi,DEMİRCİ,ARPA, YONCA, SİLAJLIK MISIR,YOK,YOK,YOK,YOK
Emirgazi,GÖLÖREN,YULAF, FİĞ, ARPA, SAMAN, YONCA,YOK,YOK
Emirgazi,IŞIKLAR,SAMAN, YONCA, SİLAJLIK MISIR, HAZIR YEM,YOK,YOK,YOK
Emirgazi,KARAÖREN,ARPA, ÇAVDAR, HAZIR YEM,YOK,YOK,YOK,YOK
Emirgazi,MEŞELİ,BUĞDAY, ARPA, YONCA, SİLAJLIK MISIR,YOK,YOK,YOK
Emirgazi,ÖBEKTAŞ,KÜSPE, ARPA, SİLAJLIK MISIR, HAZIR YEM,YOK,YOK,YOK
Emirgazi,YAMAÇ,SAMAN, YONCA,YOK,YOK,YOK,YOK,YOK
Ereğli,ZENGEN,YULAF, FİĞ, KÜSPE, YONCA, SİLAJLIK MISIR, HAZIR YEM,YOK
Ereğli,ACIPINAR,FİĞ, YONCA, SİLAJLIK MISIR, HAZIR YEM,YOK,YOK,YOK
Ereğli,ADABAĞ,ARPA, YONCA, SİLAJLIK MISIR,YOK,YOK,YOK,YOK
Ereğli,AKHÜYÜK,BUĞDAY, FİĞ, SİLAJLIK MISIR,YOK,YOK,YOK,YOK
Ereğli,ALHAN,BUĞDAY, KÜSPE, ARPA, YONCA, SİLAJLIK MISIR,YOK,YOK
Ereğli,AŞAĞI GÖNDELEN,FİĞ, YONCA, SİLAJLIK MISIR,YOK,YOK,YOK,YOK
Ereğli,AŞIKLAR,SAMAN, YONCA, SİLAJLIK MISIR, HAZIR YEM,YOK,YOK,YOK
Ereğli,AZİZİYE,ARPA, SAMAN, YONCA, SİLAJLIK MISIR,YOK,YOK,YOK
Ereğli,BAHÇELİ,BUĞDAY, ARPA, YONCA, SİLAJLIK MISIR, HAZIR YEM,YOK,YOK
Ereğli,BELCEAĞAÇ,FİĞ, YONCA, SİLAJLIK MISIR, HAZIR YEM,YOK,YOK,YOK
Ereğli,BELKAYA,FİĞ, ARPA, ÇAVDAR, SAMAN, YONCA,YOK,YOK
Ereğli,BEYKÖY,SİLAJLIK MISIR, HAZIR YEM,YOK,YOK,YOK,YOK,YOK
Ereğli,BEYÖREN,KÜSPE, ARPA, SAMAN, SİLAJLIK MISIR, HAZIR YEM,YOK,YOK
Ereğli,BULGURLUK,ARPA, YONCA, SİLAJLIK MISIR, HAZIR YEM,YOK,YOK,YOK
Ereğli,BURHANİYE,ARPA, YONCA, HAZIR YEM,YOK,YOK,YOK,YOK
Ereğli,BÜYÜKDEDE,ARPA, SAMAN, SİLAJLIK MISIR, HAZIR YEM,YOK,YOK,YOK
Ereğli,ÇAKMAK,BUĞDAY, ARPA, SAMAN,YOK,YOK,YOK,YOK
Ereğli,ÇAYHAN,SAMAN, YONCA, SİLAJLIK MISIR,YOK,YOK,YOK,YOK
Ereğli,ÇİLLER,YONCA, SİLAJLIK MISIR, HAZIR YEM,YOK,YOK,YOK,YOK
Ereğli,ÇİMENCİK,FİĞ, SİLAJLIK MISIR,YOK,YOK,YOK,YOK,YOK
Ereğli,GAYBİ,BUĞDAY, ARPA, SAMAN, YONCA, SİLAJLIK MISIR, HAZIR YEM,YOK
Ereğli,GÖKÇEYAZI,YULAF, ARPA, YONCA, SİLAJLIK MISIR,YOK,YOK,YOK
Ereğli,GÖKTÖME,FİĞ, YONCA, HAZIR YEM,YOK,YOK,YOK,YOK
Ereğli,HACIMEMİŞ,BUĞDAY, ARPA, YONCA, SİLAJLIK MISIR, HAZIR YEM,YOK,YOK
Ereğli,KAMIŞLIKUYU,FİĞ, YONCA, SİLAJLIK MISIR,YOK,YOK,YOK,YOK
Ereğli,KARABURUN,ARPA, SAMAN, SİLAJLIK MISIR, HAZIR YEM,YOK,YOK,YOK
Ereğli,KARGACI,ARPA, YONCA, SİLAJLIK MISIR,YOK,YOK,YOK,YOK
Ereğli,KIZILGEDİK,BUĞDAY, ARPA, SİLAJLIK MISIR,YOK,YOK,YOK,YOK
Ereğli,KUSKUNCUK,BUĞDAY, FİĞ, YONCA, SİLAJLIK MISIR, HAZIR YEM,YOK,YOK
Ereğli,KUTÖREN,FİĞ, SAMAN, YONCA, SİLAJLIK MISIR,YOK,YOK,YOK
Ereğli,KUZUKUYU,YULAF, FİĞ, YONCA, SİLAJLIK MISIR,YOK,YOK,YOK
Ereğli,MELİCEK,FİĞ, SAMAN, YONCA, SİLAJLIK MISIR,YOK,YOK,YOK
Ereğli,ORHANİYE,SAMAN, SİLAJLIK MISIR,YOK,YOK,YOK,YOK,YOK
Ereğli,ÖZGÜRLER,FİĞ, YONCA, SİLAJLIK MISIR, HAZIR YEM,YOK,YOK,YOK
Ereğli,PINARÖZÜ,FİĞ, ARPA, SAMAN, YONCA,YOK,YOK,YOK
Ereğli,SARICA,FİĞ, SAMAN, YONCA, SİLAJLIK MISIR,YOK,YOK,YOK
Ereğli,SARITOPALLI,FİĞ, YONCA, SİLAJLIK MISIR,YOK,YOK,YOK,YOK
Ereğli,SELVİLİ,YONCA, SİLAJLIK MISIR,YOK,YOK,YOK,YOK,YOK
Ereğli,TAŞAĞIL,FİĞ, YONCA, SİLAJLIK MISIR,YOK,YOK,YOK,YOK
Ereğli,TAŞBUDAK,BUĞDAY, ARPA, YONCA, SİLAJLIK MISIR,YOK,YOK,YOK
Ereğli,TATLIKUYU,KÜSPE, YONCA, SİLAJLIK MISIR,YOK,YOK,YOK,YOK
Ereğli,TÜRKMEN,FİĞ, KÜSPE, YONCA, SİLAJLIK MISIR,YOK,YOK,YOK
Ereğli,ULUMEŞE,ARPA, ÇAVDAR, SİLAJLIK MISIR,YOK,YOK,YOK,YOK
Ereğli,YAZLIK,YULAF, ARPA, YONCA, SİLAJLIK MISIR,YOK,YOK,YOK
Ereğli,YELLİCE,YULAF, ARPA,YOK,YOK,YOK,YOK,YOK
Ereğli,YENİKÖY,BUĞDAY, FİĞ, ARPA, YONCA,YOK,YOK,YOK
Ereğli,YILDIZLI,SİLAJLIK MISIR,YOK,YOK,YOK,YOK,YOK,YOK
Ereğli,YUKARIGÖNDELEN,FİĞ, ARPA, YONCA, SİLAJLIK MISIR, HAZIR YEM,YOK,YOK
Ereğli,HORTU,SAMAN, YONCA, SİLAJLIK MISIR, HAZIR YEM,YOK,YOK,YOK
Ereğli,ACIKUYU,BUĞDAY, KÜSPE, ARPA, YONCA, SİLAJLIK MISIR,YOK,YOK
Güneysınır,GÜRAĞAÇ,ARPA, YONCA, HAZIR YEM,YOK,YOK,YOK,YOK
Güneysınır,AĞAÇOBA,SİLAJLIK MISIR, HAZIR YEM,YOK,YOK,YOK,YOK,YOK
Güneysınır,ALANÖZÜ,BUĞDAY, FİĞ, ARPA,YOK,YOK,YOK,YOK
Güneysınır,AVCITEPE,YULAF, ARPA, HAZIR YEM,YOK,YOK,YOK,YOK
Güneysınır,AYDOĞMUŞ,ARPA, SAMAN, HAZIR YEM,YOK,YOK,YOK,YOK
Güneysınır,HABİLLER,ARPA, HAZIR YEM,YOK,YOK,YOK,YOK,YOK
Güneysınır,KARAGÜNEY,FİĞ, SAMAN, YONCA,YOK,YOK,YOK,YOK
Güneysınır,KAYAAĞZI,BUĞDAY, KÜSPE, KEPEK, ARPA, YONCA, SİLAJLIK MISIR, HAZIR YEM
Güneysınır,KIZILÖZ,BUĞDAY, FİĞ, ARPA, HAZIR YEM,YOK,YOK,YOK
Güneysınır,KURUKAVAK,KEPEK, ARPA, HAZIR YEM,YOK,YOK,YOK,YOK
Güneysınır,MEHMET ALİ,BUĞDAY, KÜSPE, KEPEK, YONCA, SİLAJLIK MISIR, HAZIR YEM,YOK
Güneysınır,ÖMEROĞLU,BUĞDAY, KEPEK, HAZIR YEM,YOK,YOK,YOK,YOK
Güneysınır,ÖRENBOYALI,BUĞDAY, FİĞ, KÜSPE, ARPA, HAZIR YEM,YOK,YOK
Güneysınır,SARIHACI,YOK,YOK,YOK,YOK,YOK,YOK,YOK
Hadim,AŞAĞIEŞENLER,HAZIR YEM,YOK,YOK,YOK,YOK,YOK,YOK
Hadim,AŞAĞIKIZILKAYA,KÜSPE, SAMAN, HAZIR YEM,YOK,YOK,YOK,YOK
Hadim,BADEMLİ,SAMAN,YOK,YOK,YOK,YOK,YOK,YOK
Hadim,BAĞBAŞI,KÜSPE, ARPA, HAZIR YEM,YOK,YOK,YOK,YOK
Hadim,BEYRELİ,ARPA, SAMAN, SİLAJLIK MISIR, HAZIR YEM,YOK,YOK,YOK
Hadim,BOLAT,KÜSPE, SAMAN, HAZIR YEM,YOK,YOK,YOK,YOK
Hadim,ÇİFTEPINAR,YOK,YOK,YOK,YOK,YOK,YOK,YOK
Hadim,DEDEMLİ,SAMAN, HAZIR YEM,YOK,YOK,YOK,YOK,YOK
Hadim,DÜLGERLER,BUĞDAY, KÜSPE, ARPA, HAZIR YEM,YOK,YOK,YOK
Hadim,FAKILAR,SAMAN,YOK,YOK,YOK,YOK,YOK,YOK
Hadim,GAZİLER,KÜSPE, ÇAVDAR, HAZIR YEM,YOK,YOK,YOK,YOK
Hadim,GÖYNÜKKIŞLA,ARPA, HAZIR YEM,YOK,YOK,YOK,YOK,YOK
Hadim,GÜLPINAR,KÜSPE, ARPA, SAMAN, SİLAJLIK MISIR, HAZIR YEM,YOK,YOK
Hadim,İĞDEÖREN,HAZIR YEM,YOK,YOK,YOK,YOK,YOK,YOK
Hadim,KALINAĞIL,ARPA, SAMAN, HAZIR YEM,YOK,YOK,YOK,YOK
Hadim,KAPLANLI,SAMAN, HAZIR YEM,YOK,YOK,YOK,YOK,YOK
Hadim,GEZLEVİ,KÜSPE, SAMAN,YOK,YOK,YOK,YOK,YOK
Hadim,KÜPLÜCE,KÜSPE, HAZIR YEM,YOK,YOK,YOK,YOK,YOK
Hadim,ODUNCU,YOK,YOK,YOK,YOK,YOK,YOK,YOK
Hadim,SARNIÇ,KÜSPE, ARPA, SAMAN, YONCA, HAZIR YEM,YOK,YOK
Hadim,SELAHATTİN,ARPA, HAZIR YEM,YOK,YOK,YOK,YOK,YOK
Hadim,UMURLAR,KÜSPE, ARPA,YOK,YOK,YOK,YOK,YOK
Hadim,YAĞCI,KÜSPE, SAMAN, YONCA,YOK,YOK,YOK,YOK
Hadim,YALINÇEVRE,KÜSPE, SAMAN, SİLAJLIK MISIR, HAZIR YEM,YOK,YOK,YOK
Hadim,YELMEZ,KÜSPE, ARPA, SAMAN, SİLAJLIK MISIR, HAZIR YEM,YOK,YOK
Hadim,YENİKONAK,KÜSPE, ARPA,YOK,YOK,YOK,YOK,YOK
Hadim,YUKARIEŞENLER,HAZIR YEM,YOK,YOK,YOK,YOK,YOK,YOK
Halkapınar,İVRİZ,KÜSPE, SAMAN, YONCA, SİLAJLIK MISIR, HAZIR YEM,YOK,YOK
Halkapınar,BÜYÜKDOĞAN,KÜSPE, SAMAN, SİLAJLIK MISIR, HAZIR YEM,YOK,YOK,YOK
Halkapınar,DEDELİ,KÜSPE, YONCA, SİLAJLIK MISIR, HAZIR YEM,YOK,YOK,YOK
Halkapınar,DELİMAHMUTLU,KÜSPE, ARPA, YONCA, SİLAJLIK MISIR, HAZIR YEM,YOK,YOK
Halkapınar,ESKİHİSAR,KÜSPE, ARPA, SAMAN, HAZIR YEM,YOK,YOK,YOK
Halkapınar,KARAYUSUFLU,SAMAN, YONCA, SİLAJLIK MISIR, HAZIR YEM,YOK,YOK,YOK
Halkapınar,KAYASARAY,ARPA, YONCA, HAZIR YEM,YOK,YOK,YOK,YOK
Halkapınar,KÖRLÜ,KÜSPE, YONCA, HAZIR YEM,YOK,YOK,YOK,YOK
Halkapınar,KÜSERE,KÜSPE, ARPA, YONCA, SİLAJLIK MISIR, HAZIR YEM,YOK,YOK
Halkapınar,OSMANKÖSELİ,ARPA, SAMAN, HAZIR YEM,YOK,YOK,YOK,YOK
Halkapınar,SEYDİFAKILI,BUĞDAY, KÜSPE, SAMAN, SİLAJLIK MISIR, HAZIR YEM,YOK,YOK
Halkapınar,YASSIKAYA,KÜSPE, SAMAN, SİLAJLIK MISIR, HAZIR YEM,YOK,YOK,YOK
Halkapınar,YAYIKLI,KÜSPE, YONCA, SİLAJLIK MISIR, HAZIR YEM,YOK,YOK,YOK
Halkapınar,YEŞİLYURT,KÜSPE, ARPA, YONCA, SİLAJLIK MISIR, HAZIR YEM,YOK,YOK
Halkapınar,ÇAKILLAR,SAMAN, YONCA, HAZIR YEM,YOK,YOK,YOK,YOK
Hüyük,BAŞLAMIŞ,BUĞDAY, YULAF, ARPA, SAMAN, HAZIR YEM,YOK,YOK
Hüyük,BUDAK,KÜSPE, YONCA, SİLAJLIK MISIR, HAZIR YEM,YOK,YOK,YOK
Hüyük,BURUNSUZ,ARPA, HAZIR YEM,YOK,YOK,YOK,YOK,YOK
Hüyük,ÇAMLICA,YULAF, ARPA, SAMAN, YONCA, HAZIR YEM,YOK,YOK
Hüyük,ÇAVUŞ,BUĞDAY, FİĞ, ARPA, YONCA, HAZIR YEM,YOK,YOK
Hüyük,ÇUKURKENT,KÜSPE, ARPA, SAMAN, SİLAJLIK MISIR, HAZIR YEM,YOK,YOK
Hüyük,DEĞİRMENALTI,BUĞDAY, ARPA,YOK,YOK,YOK,YOK,YOK
Hüyük,GÖÇERİ,BUĞDAY, ARPA,YOK,YOK,YOK,YOK,YOK
Hüyük,GÖRÜNMEZ,KÜSPE, ARPA, HAZIR YEM,YOK,YOK,YOK,YOK
Hüyük,İLMEN,FİĞ, KÜSPE, SAMAN, HAZIR YEM,YOK,YOK,YOK
Hüyük,İMRENLER,KÜSPE, ARPA, SİLAJLIK MISIR, HAZIR YEM,YOK,YOK,YOK
Hüyük,KIRELİ,FİĞ, ARPA, SAMAN, YONCA, SİLAJLIK MISIR,YOK,YOK
Hüyük,KÖŞK,FİĞ, ARPA, SAMAN, SİLAJLIK MISIR, HAZIR YEM,YOK,YOK
Hüyük,MUTLU,FİĞ, KÜSPE, ARPA, SAMAN, YONCA,YOK,YOK
Hüyük,PINARBAŞI,BUĞDAY, FİĞ, SAMAN, SİLAJLIK MISIR,YOK,YOK,YOK
Hüyük,SELKİ,KÜSPE, ARPA, SİLAJLIK MISIR, HAZIR YEM,YOK,YOK,YOK
Hüyük,SULUDERE,KÜSPE, KEPEK, ARPA, HAZIR YEM,YOK,YOK,YOK
Hüyük,TOLCA,FİĞ, ARPA, SAMAN, SİLAJLIK MISIR,YOK,YOK,YOK
Hüyük,YENİCE,BUĞDAY, ARPA, SAMAN, SİLAJLIK MISIR, HAZIR YEM,YOK,YOK
Ilgın,ARGITHANI,FİĞ, ARPA, YONCA,YOK,YOK,YOK,YOK
Ilgın,BEYKONAK,FİĞ, YONCA, SİLAJLIK MISIR,YOK,YOK,YOK,YOK
Ilgın,ÇAVUŞÇUGÖL,FİĞ, ARPA, YONCA,YOK,YOK,YOK,YOK
Ilgın,AĞALAR,FİĞ, ARPA, YONCA, HAZIR YEM,YOK,YOK,YOK
Ilgın,BALKI,BUĞDAY, YULAF, FİĞ, ARPA, SAMAN, YONCA, SİLAJLIK MISIR
Ilgın,BARAKMUSLU,KÜSPE, SAMAN, HAZIR YEM,YOK,YOK,YOK,YOK
Ilgın,BELEKLER,BUĞDAY, YULAF, ARPA, SİLAJLIK MISIR, HAZIR YEM,YOK,YOK
Ilgın,BOĞAZKENT,BUĞDAY, ARPA, SAMAN, SİLAJLIK MISIR, HAZIR YEM,YOK,YOK
Ilgın,BULCUK,BUĞDAY, ARPA, YONCA, SİLAJLIK MISIR,YOK,YOK,YOK
Ilgın,BÜYÜKOBA,FİĞ, ARPA, YONCA, HAZIR YEM,YOK,YOK,YOK
Ilgın,ÇİĞİL,KEPEK, HAZIR YEM,YOK,YOK,YOK,YOK,YOK
Ilgın,ÇATAK,BUĞDAY, YULAF, FİĞ, ARPA, HAZIR YEM,YOK,YOK
Ilgın,ÇOBANKAYA,ARPA, SAMAN, SİLAJLIK MISIR, HAZIR YEM,YOK,YOK,YOK
Ilgın,ÇÖMLEKCİ,ARPA, SAMAN, HAZIR YEM,YOK,YOK,YOK,YOK
Ilgın,DEREKÖY,BUĞDAY, ARPA, HAZIR YEM,YOK,YOK,YOK,YOK
Ilgın,DIĞRAK,YULAF, FİĞ, ARPA, ÇAVDAR,YOK,YOK,YOK
Ilgın,DÜĞER,BUĞDAY, ARPA, SAMAN, HAZIR YEM,YOK,YOK,YOK
Ilgın,ELDEŞ,ARPA, HAZIR YEM,YOK,YOK,YOK,YOK,YOK
Ilgın,GEÇİT,YULAF, SAMAN, YONCA, SİLAJLIK MISIR, HAZIR YEM,YOK,YOK
Ilgın,GEDİKÖREN,BUĞDAY, ARPA, ÇAVDAR, SAMAN, SİLAJLIK MISIR, HAZIR YEM,YOK
Ilgın,GÖSTERE,FİĞ, ARPA, SAMAN, YONCA, SİLAJLIK MISIR, HAZIR YEM,YOK
Ilgın,GÖKÇEYURT,SAMAN, YONCA, SİLAJLIK MISIR, HAZIR YEM,YOK,YOK,YOK
Ilgın,GÖLYAKA,ARPA, ÇAVDAR, HAZIR YEM,YOK,YOK,YOK,YOK
Ilgın,GÖKBUDAK,BUĞDAY, ARPA, SAMAN, SİLAJLIK MISIR, HAZIR YEM,YOK,YOK
Ilgın,GÜNEYPINAR,SAMAN, SİLAJLIK MISIR, HAZIR YEM,YOK,YOK,YOK,YOK
Ilgın,HARMANYAZI,FİĞ, ARPA, YONCA, SİLAJLIK MISIR,YOK,YOK,YOK
Ilgın,İHSANİYE,KÜSPE, SİLAJLIK MISIR, HAZIR YEM,YOK,YOK,YOK,YOK
Ilgın,KAPAKLI,BUĞDAY, ARPA, SAMAN, HAZIR YEM,YOK,YOK,YOK
Ilgın,KARAKÖY,FİĞ, ARPA, YONCA, SİLAJLIK MISIR, HAZIR YEM,YOK,YOK
Ilgın,KALEKÖY,SAMAN, HAZIR YEM,YOK,YOK,YOK,YOK,YOK
Ilgın,MAHMUTHİSAR,ARPA, ÇAVDAR, YONCA, SİLAJLIK MISIR, HAZIR YEM,YOK,YOK
Ilgın,MECİDİYE,YULAF, ARPA, SAMAN, SİLAJLIK MISIR, HAZIR YEM,YOK,YOK
Ilgın,MİSAFİRLİ,KÜSPE, YONCA, SİLAJLIK MISIR, HAZIR YEM,YOK,YOK,YOK
Ilgın,OLUKPINAR,KÜSPE, YONCA, HAZIR YEM,YOK,YOK,YOK,YOK
Ilgın,ORHANİYE,BUĞDAY, ARPA, YONCA, SİLAJLIK MISIR, HAZIR YEM,YOK,YOK
Ilgın,ORMANÖZÜ,SAMAN, HAZIR YEM,YOK,YOK,YOK,YOK,YOK
Ilgın,SADIKKÖY,ARPA, SİLAJLIK MISIR, HAZIR YEM,YOK,YOK,YOK,YOK
Ilgın,SEBİLLER,SİLAJLIK MISIR, HAZIR YEM,YOK,YOK,YOK,YOK,YOK
Ilgın,TEKELER,KÜSPE, SAMAN, HAZIR YEM,YOK,YOK,YOK,YOK
Ilgın,YUKARIÇİĞİL,YONCA, SİLAJLIK MISIR, HAZIR YEM,YOK,YOK,YOK,YOK
Ilgın,YORAZLAR,KÜSPE, KEPEK, ARPA, SİLAJLIK MISIR, HAZIR YEM,YOK,YOK
Ilgın,ZAFERİYE,SAMAN, YONCA, SİLAJLIK MISIR, HAZIR YEM,YOK,YOK,YOK
Ilgın,AVDAN,YULAF, FİĞ, KÜSPE, ARPA, SAMAN, YONCA, HAZIR YEM
Kadınhanı,OSMANCIK,FİĞ, YONCA,YOK,YOK,YOK,YOK,YOK
Kadınhanı,AFŞARLI,FİĞ, ARPA, YONCA, SİLAJLIK MISIR,YOK,YOK,YOK
Kadınhanı,ALABAĞ,FİĞ, ARPA, YONCA, SİLAJLIK MISIR, HAZIR YEM,YOK,YOK
Kadınhanı,ATLANTI,FİĞ, KÜSPE, SİLAJLIK MISIR,YOK,YOK,YOK,YOK
Kadınhanı,BAKIRPINAR,FİĞ, SAMAN, YONCA, SİLAJLIK MISIR,YOK,YOK,YOK
Kadınhanı,BAŞKUYU,KÜSPE, ARPA, SAMAN,YOK,YOK,YOK,YOK
Kadınhanı,BAYRAMLI,BUĞDAY, ARPA, HAZIR YEM,YOK,YOK,YOK,YOK
Kadınhanı,BEYKAVAĞI,FİĞ, ARPA, YONCA, HAZIR YEM,YOK,YOK,YOK
Kadınhanı,BULGURPINAR,BUĞDAY, ARPA, SAMAN, HAZIR YEM,YOK,YOK,YOK
Kadınhanı,ÇAVDAR,FİĞ, ARPA, HAZIR YEM,YOK,YOK,YOK,YOK
Kadınhanı,ÇEŞMECİK,BUĞDAY, ARPA, SAMAN,YOK,YOK,YOK,YOK
Kadınhanı,ÇUBUK,ARPA, SAMAN, SİLAJLIK MISIR, HAZIR YEM,YOK,YOK,YOK
Kadınhanı,DEMİROLUK,SİLAJLIK MISIR, HAZIR YEM,YOK,YOK,YOK,YOK,YOK
Kadınhanı,HACIMEHMETLİ,ARPA, SAMAN, HAZIR YEM,YOK,YOK,YOK,YOK
Kadınhanı,HACIOFLAZLAR,ARPA, SAMAN, HAZIR YEM,YOK,YOK,YOK,YOK
Kadınhanı,HACIPİRLİ,ARPA, HAZIR YEM,YOK,YOK,YOK,YOK,YOK
Kadınhanı,KABACALI,FİĞ, ARPA, YONCA,YOK,YOK,YOK,YOK
Kadınhanı,KAMIŞLIÖZÜ,YULAF, KÜSPE, ARPA, SİLAJLIK MISIR,YOK,YOK,YOK
Kadınhanı,KARAHİSARLI,ARPA, HAZIR YEM,YOK,YOK,YOK,YOK,YOK
Kadınhanı,KARAKURTLU,ARPA, SAMAN, HAZIR YEM,YOK,YOK,YOK,YOK
Kadınhanı,KARASEVİNÇ,ARPA, HAZIR YEM,YOK,YOK,YOK,YOK,YOK
Kadınhanı,KARAYÜRÜKLÜ,KÜSPE, SAMAN, YONCA,YOK,YOK,YOK,YOK
Kadınhanı,KIZILKUYU,ARPA, HAZIR YEM,YOK,YOK,YOK,YOK,YOK
Kadınhanı,KOLUKISA,ARPA, HAZIR YEM,YOK,YOK,YOK,YOK,YOK
Kadınhanı,KONURÖREN,ARPA, SİLAJLIK MISIR, HAZIR YEM,YOK,YOK,YOK,YOK
Kadınhanı,KÖKEZ,ARPA, SAMAN, HAZIR YEM,YOK,YOK,YOK,YOK
Kadınhanı,KÖYLÜTOLU,FİĞ, KÜSPE, SİLAJLIK MISIR,YOK,YOK,YOK,YOK
Kadınhanı,KURTHASANLI,ARPA, HAZIR YEM,YOK,YOK,YOK,YOK,YOK
Kadınhanı,KÜÇÜKKUYU,YOK,YOK,YOK,YOK,YOK,YOK,YOK
Kadınhanı,MAHMUDİYE,SİLAJLIK MISIR,YOK,YOK,YOK,YOK,YOK,YOK
Kadınhanı,MEYDANLI,FİĞ, ARPA, SAMAN, SİLAJLIK MISIR, HAZIR YEM,YOK,YOK
Kadınhanı,ÖRNEK,YULAF, ARPA, SAMAN, HAZIR YEM,YOK,YOK,YOK
Kadınhanı,PİRALİ,KÜSPE, ARPA, HAZIR YEM,YOK,YOK,YOK,YOK
Kadınhanı,PUSAT,ARPA, SAMAN, HAZIR YEM,YOK,YOK,YOK,YOK
Kadınhanı,SAÇIKARA,BUĞDAY, ARPA, SAMAN, SİLAJLIK MISIR, HAZIR YEM,YOK,YOK
Kadınhanı,SARIKAYA,ARPA, SİLAJLIK MISIR, HAZIR YEM,YOK,YOK,YOK,YOK
Kadınhanı,SÖĞÜTÖZÜ,FİĞ, ARPA, SAMAN, YONCA, HAZIR YEM,YOK,YOK
Kadınhanı,ŞAHÖREN,FİĞ, ARPA, YONCA,YOK,YOK,YOK,YOK
Kadınhanı,TOSUNOĞLU,FİĞ, ARPA, SİLAJLIK MISIR, HAZIR YEM,YOK,YOK,YOK
Kadınhanı,YAĞLICA,ARPA, SİLAJLIK MISIR, HAZIR YEM,YOK,YOK,YOK,YOK
Kadınhanı,YAYLAYAKA,ARPA, SAMAN,YOK,YOK,YOK,YOK,YOK
Karapınar,HOTAMIŞ,ARPA, YONCA, SİLAJLIK MISIR, HAZIR YEM,YOK,YOK,YOK
Karapınar,KESMEZ,KÜSPE, SİLAJLIK MISIR, HAZIR YEM,YOK,YOK,YOK,YOK
Karapınar,AKÇAYAZI,ARPA, HAZIR YEM,YOK,YOK,YOK,YOK,YOK
Karapınar,AKÖREN,ARPA, YONCA, HAZIR YEM,YOK,YOK,YOK,YOK
Karapınar,ÇİĞİL,ARPA, SAMAN, YONCA, HAZIR YEM,YOK,YOK,YOK
Karapınar,HASANOBA,ARPA, SAMAN, YONCA, HAZIR YEM,YOK,YOK,YOK
Karapınar,İSLİK,ARPA, HAZIR YEM,YOK,YOK,YOK,YOK,YOK
Karapınar,KARAKIŞLA,ARPA, SAMAN, YONCA, SİLAJLIK MISIR,YOK,YOK,YOK
Karapınar,KAYACIK,FİĞ, YONCA,YOK,YOK,YOK,YOK,YOK
Karapınar,KAYALI,FİĞ, KEPEK, YONCA, HAZIR YEM,YOK,YOK,YOK
Karapınar,KAZANHÜYÜĞÜ,HAZIR YEM,YOK,YOK,YOK,YOK,YOK,YOK
Karapınar,KÜÇÜKAŞLAMA,YONCA, SİLAJLIK MISIR, HAZIR YEM,YOK,YOK,YOK,YOK
Karapınar,ORTAOBA,FİĞ, YONCA, SİLAJLIK MISIR, HAZIR YEM,YOK,YOK,YOK
Karapınar,OYMALI,YONCA, HAZIR YEM,YOK,YOK,YOK,YOK,YOK
Karapınar,SAZLIPINAR,SAMAN, YONCA,YOK,YOK,YOK,YOK,YOK
Karapınar,YAĞMAPINAR,ARPA, SAMAN, YONCA, SİLAJLIK MISIR,YOK,YOK,YOK
Karapınar,YENİKUYU,BUĞDAY, ARPA, SİLAJLIK MISIR, HAZIR YEM,YOK,YOK,YOK
Karapınar,YEŞİLYURT,ARPA, YONCA, HAZIR YEM,YOK,YOK,YOK,YOK
Karatay,YARMA,BUĞDAY, ARPA, SAMAN, YONCA, SİLAJLIK MISIR, HAZIR YEM,YOK
Karatay,ACIDORT,ARPA, SAMAN, HAZIR YEM,YOK,YOK,YOK,YOK
Karatay,AĞSAKLI,ARPA, SAMAN, SİLAJLIK MISIR, HAZIR YEM,YOK,YOK,YOK
Karatay,AKBAŞ,ARPA, YONCA, SİLAJLIK MISIR,YOK,YOK,YOK,YOK
Karatay,AKÖRENKIŞLA,FİĞ, YONCA, HAZIR YEM,YOK,YOK,YOK,YOK
Karatay,BAKIRTOLU,SAMAN, YONCA, SİLAJLIK MISIR, HAZIR YEM,YOK,YOK,YOK
Karatay,BAŞGÖTÜREN,FİĞ, SAMAN, YONCA,YOK,YOK,YOK,YOK
Karatay,BEŞAĞIL,BUĞDAY, ARPA, ÇAVDAR, SİLAJLIK MISIR, HAZIR YEM,YOK,YOK
Karatay,BÜYÜKBURNAK,SAMAN, HAZIR YEM,YOK,YOK,YOK,YOK,YOK
Karatay,ÇENGİLTİ,KÜSPE, KEPEK, ARPA, SAMAN, YONCA, SİLAJLIK MISIR,YOK
Karatay,DİVANLAR,BUĞDAY, ARPA, YONCA,YOK,YOK,YOK,YOK
Karatay,ESENTEPE,ARPA, SAMAN, YONCA, SİLAJLIK MISIR, HAZIR YEM,YOK,YOK
Karatay,GÖÇÜ,FİĞ, SAMAN, YONCA, HAZIR YEM,YOK,YOK,YOK
Karatay,HAYIROĞLU MERKEZ,FİĞ, ARPA, HAZIR YEM,YOK,YOK,YOK,YOK
Karatay,İPEKLER,SAMAN, YONCA, SİLAJLIK MISIR,YOK,YOK,YOK,YOK
Karatay,İSMİL,KÜSPE, ARPA, SİLAJLIK MISIR,YOK,YOK,YOK,YOK
Karatay,KARADONA,BUĞDAY, ARPA, SAMAN, SİLAJLIK MISIR, HAZIR YEM,YOK,YOK
Karatay,KARAKAYA,SAMAN, SİLAJLIK MISIR, HAZIR YEM,YOK,YOK,YOK,YOK
Karatay,KATRANCI,ARPA, YONCA, SİLAJLIK MISIR, HAZIR YEM,YOK,YOK,YOK
Karatay,KIZÖREN,KÜSPE, SAMAN, SİLAJLIK MISIR, HAZIR YEM,YOK,YOK,YOK
Karatay,KÖSEALİ,ARPA, SİLAJLIK MISIR, HAZIR YEM,YOK,YOK,YOK,YOK
Karatay,OBRUK,FİĞ, YONCA, HAZIR YEM,YOK,YOK,YOK,YOK
Karatay,OVAKAVAĞI,FİĞ, SAMAN, YONCA, SİLAJLIK MISIR, HAZIR YEM,YOK,YOK
Karatay,SAKYATAN,FİĞ, KÜSPE, ARPA, YONCA, HAZIR YEM,YOK,YOK
Karatay,SÜRÜÇ,ARPA, SİLAJLIK MISIR, HAZIR YEM,YOK,YOK,YOK,YOK
Karatay,ŞATIR,SAMAN, SİLAJLIK MISIR,YOK,YOK,YOK,YOK,YOK
Karatay,YAĞLIBAYAT,BUĞDAY, KEPEK, ARPA, HAZIR YEM,YOK,YOK,YOK
Karatay,YAVŞANKUYU,YULAF, KÜSPE, ARPA, SİLAJLIK MISIR, HAZIR YEM,YOK,YOK
Karatay,YENİCE,ARPA, HAZIR YEM,YOK,YOK,YOK,YOK,YOK
Karatay,YENİKENT,KÜSPE, SAMAN, YONCA, SİLAJLIK MISIR, HAZIR YEM,YOK,YOK
Karatay,ZİNCİRLİ,ARPA, SAMAN, YONCA, HAZIR YEM,YOK,YOK,YOK
Kulu,ACIKUYU,YULAF, KÜSPE, KEPEK, SAMAN, HAZIR YEM,YOK,YOK
Kulu,AĞILBAŞI,YULAF, FİĞ, ARPA, SİLAJLIK MISIR,YOK,YOK,YOK
Kulu,ALTILAR,FİĞ, ARPA, SAMAN, SİLAJLIK MISIR, HAZIR YEM,YOK,YOK
Kulu,ARŞINCA,BUĞDAY, ARPA, HAZIR YEM,YOK,YOK,YOK,YOK
Kulu,BEŞKARDEŞ,ARPA, SAMAN, HAZIR YEM,YOK,YOK,YOK,YOK
Kulu,BOĞAZÖREN,YULAF, KÜSPE, ARPA, SAMAN, HAZIR YEM,YOK,YOK
Kulu,BOZAN,KÜSPE, ARPA, SAMAN, SİLAJLIK MISIR, HAZIR YEM,YOK,YOK
Kulu,BURUNAĞIL,KÜSPE, ARPA, YONCA, SİLAJLIK MISIR, HAZIR YEM,YOK,YOK
Kulu,CANIMANA,ARPA, HAZIR YEM,YOK,YOK,YOK,YOK,YOK
Kulu,CELEP,KÜSPE, ARPA, YONCA, SİLAJLIK MISIR,YOK,YOK,YOK
Kulu,DİPDEDE,ARPA, SAMAN, SİLAJLIK MISIR, HAZIR YEM,YOK,YOK,YOK
Kulu,DOĞUTEPE,ARPA, YONCA, HAZIR YEM,YOK,YOK,YOK,YOK
Kulu,FEVZİYE,FİĞ, SAMAN,YOK,YOK,YOK,YOK,YOK
Kulu,GÖKLER,ARPA, SAMAN, HAZIR YEM,YOK,YOK,YOK,YOK
Kulu,GÜZELYAYLA,ARPA, SAMAN, SİLAJLIK MISIR,YOK,YOK,YOK,YOK
Kulu,HİSAR,ARPA, HAZIR YEM,YOK,YOK,YOK,YOK,YOK
Kulu,KARACADAĞ,ARPA, YONCA, SİLAJLIK MISIR, HAZIR YEM,YOK,YOK,YOK
Kulu,KARACADERE,KÜSPE, ARPA, HAZIR YEM,YOK,YOK,YOK,YOK
Kulu,KIRKKUYU,ARPA, SAMAN,YOK,YOK,YOK,YOK,YOK
Kulu,KIRKPINAR,KÜSPE, ARPA, HAZIR YEM,YOK,YOK,YOK,YOK
Kulu,KOZANLI,ARPA, SAMAN, HAZIR YEM,YOK,YOK,YOK,YOK
Kulu,KÖMÜŞİNİ,BUĞDAY, ARPA, HAZIR YEM,YOK,YOK,YOK,YOK
Kulu,KÖŞKER,ARPA, SAMAN, YONCA, HAZIR YEM,YOK,YOK,YOK
Kulu,SARIYAYLA,YONCA, SİLAJLIK MISIR, HAZIR YEM,YOK,YOK,YOK,YOK
Kulu,SEYİTAHMETLİ,SAMAN, SİLAJLIK MISIR, HAZIR YEM,YOK,YOK,YOK,YOK
Kulu,SOĞUKKUYU,ARPA, SAMAN, HAZIR YEM,YOK,YOK,YOK,YOK
Kulu,ŞEREFLİ,ARPA, HAZIR YEM,YOK,YOK,YOK,YOK,YOK
Kulu,TAVLIÖREN,FİĞ, ARPA, HAZIR YEM,YOK,YOK,YOK,YOK
Kulu,ÖMERANLI,KÜSPE, ARPA, SAMAN, HAZIR YEM,YOK,YOK,YOK
Kulu,TUZYAKA,KÜSPE, SİLAJLIK MISIR, HAZIR YEM,YOK,YOK,YOK,YOK
Kulu,YARAŞLI,ARPA, SAMAN, HAZIR YEM,YOK,YOK,YOK,YOK
Kulu,YAZIÇAYIR,ARPA, SAMAN, HAZIR YEM,YOK,YOK,YOK,YOK
Kulu,YEŞİLTEPE,BUĞDAY, YULAF, KEPEK, ARPA, SAMAN,YOK,YOK
Kulu,YEŞİLYURT,ARPA, SİLAJLIK MISIR, HAZIR YEM,YOK,YOK,YOK,YOK
Kulu,ZİNCİRLİKUYU,KÜSPE, ARPA, SAMAN, HAZIR YEM,YOK,YOK,YOK
Kulu,BAHADIRLI,BUĞDAY, ARPA, SİLAJLIK MISIR, HAZIR YEM,YOK,YOK,YOK
Kulu,DEĞİRMENÖZÜ,YONCA, HAZIR YEM,YOK,YOK,YOK,YOK,YOK
Meram,ERENKAYA,ARPA, SAMAN, HAZIR YEM,YOK,YOK,YOK,YOK
Meram,YATAĞAN,BUĞDAY, ARPA, SAMAN,YOK,YOK,YOK,YOK
Meram,GÖKYURT,ARPA, SİLAJLIK MISIR,YOK,YOK,YOK,YOK,YOK
Meram,BAYAT,SAMAN, YONCA, SİLAJLIK MISIR, HAZIR YEM,YOK,YOK,YOK
Meram,BORUKTOLU,ARPA, SAMAN, HAZIR YEM,YOK,YOK,YOK,YOK
Meram,BOTSA,KÜSPE, ARPA, YONCA, SİLAJLIK MISIR,YOK,YOK,YOK
Meram,ÇAYIRBAĞI,BUĞDAY, ARPA, YONCA, HAZIR YEM,YOK,YOK,YOK
Meram,ÇOMAKLAR,BUĞDAY, ARPA, SAMAN, YONCA, SİLAJLIK MISIR,YOK,YOK
Meram,ÇUKURÇİMEN,BUĞDAY, ARPA, SAMAN, HAZIR YEM,YOK,YOK,YOK
Meram,EVLİYATEKKE,ARPA, SAMAN, YONCA, HAZIR YEM,YOK,YOK,YOK
Meram,HATUNSARAY,FİĞ, KÜSPE, YONCA, SİLAJLIK MISIR, HAZIR YEM,YOK,YOK
Meram,İKİPINAR,KÜSPE, SAMAN, HAZIR YEM,YOK,YOK,YOK,YOK
Meram,İLYASBABA,KÜSPE, ARPA, SAMAN, SİLAJLIK MISIR, HAZIR YEM,YOK,YOK
Meram,İNLİCE,ARPA, SAMAN, HAZIR YEM,YOK,YOK,YOK,YOK
Meram,KARAAĞAÇ,BUĞDAY, ARPA, SAMAN, HAZIR YEM,YOK,YOK,YOK
Meram,KAVAK,BUĞDAY, ARPA, ÇAVDAR, SİLAJLIK MISIR, HAZIR YEM,YOK,YOK
Meram,KAYADİBİ,BUĞDAY, ARPA, SAMAN, HAZIR YEM,YOK,YOK,YOK
Meram,KAYALI,BUĞDAY, ARPA, SAMAN, HAZIR YEM,YOK,YOK,YOK
Meram,KAYHÜYÜK,ARPA, YONCA, HAZIR YEM,YOK,YOK,YOK,YOK
Meram,KIZILÖREN,YULAF, ARPA,YOK,YOK,YOK,YOK,YOK
Meram,KUMRALI,YULAF, ARPA, SAMAN, HAZIR YEM,YOK,YOK,YOK
Meram,SADIKLAR,YULAF, KÜSPE, ARPA, SAMAN,YOK,YOK,YOK
Meram,SAĞLIK,ARPA, SAMAN, YONCA, HAZIR YEM,YOK,YOK,YOK
Meram,SARIKIZ,SAMAN, HAZIR YEM,YOK,YOK,YOK,YOK,YOK
Meram,SEFAKÖY,BUĞDAY, ARPA, SAMAN, HAZIR YEM,YOK,YOK,YOK
Meram,YEŞİLDERE,BUĞDAY, KÜSPE, ARPA,YOK,YOK,YOK,YOK
Meram,YEŞİLTEKKE,SAMAN, YONCA, SİLAJLIK MISIR, HAZIR YEM,YOK,YOK,YOK
Meram,KAŞINHANI,FİĞ, ARPA, SAMAN, SİLAJLIK MISIR, HAZIR YEM,YOK,YOK
Sarayönü,LADİK,BUĞDAY, FİĞ, ARPA, YONCA, SİLAJLIK MISIR,YOK,YOK
Sarayönü,BAHÇESARAY,SAMAN, HAZIR YEM,YOK,YOK,YOK,YOK,YOK
Sarayönü,BAŞHÜYÜK,BUĞDAY, ARPA, SAMAN, HAZIR YEM,YOK,YOK,YOK
Sarayönü,BOYALI,BUĞDAY, YULAF, FİĞ, ARPA,YOK,YOK,YOK
Sarayönü,BÜYÜKZENGİ,FİĞ, ÇAVDAR, YONCA, SİLAJLIK MISIR,YOK,YOK,YOK
Sarayönü,ÇEŞMELİSEBİL,ARPA, SAMAN, SİLAJLIK MISIR, HAZIR YEM,YOK,YOK,YOK
Sarayönü,DEĞİRMENLİ,FİĞ, KÜSPE, ARPA, SAMAN, YONCA,YOK,YOK
Sarayönü,ERTUĞRUL,BUĞDAY, ARPA, SAMAN, SİLAJLIK MISIR, HAZIR YEM,YOK,YOK
Sarayönü,GÖZLÜ,YULAF, KÜSPE, ARPA, SAMAN, SİLAJLIK MISIR, HAZIR YEM,YOK
Sarayönü,KADIOĞLU,SAMAN, HAZIR YEM,YOK,YOK,YOK,YOK,YOK
Sarayönü,KARABIYIK,HAZIR YEM,YOK,YOK,YOK,YOK,YOK,YOK
Sarayönü,KARATEPE,YULAF, FİĞ, KÜSPE, KEPEK, ARPA, YONCA, SİLAJLIK MISIR
Sarayönü,KAYIÖREN,SAMAN, YONCA, SİLAJLIK MISIR, HAZIR YEM,YOK,YOK,YOK
Sarayönü,KONAR,KÜSPE, ARPA, SAMAN, SİLAJLIK MISIR, HAZIR YEM,YOK,YOK
Sarayönü,KURŞUNLU,FİĞ, ARPA, SAMAN,YOK,YOK,YOK,YOK
Sarayönü,KUYULUSEBİL,YOK,YOK,YOK,YOK,YOK,YOK,YOK
Sarayönü,ÖZKENT,ARPA, SİLAJLIK MISIR, HAZIR YEM,YOK,YOK,YOK,YOK
Sarayönü,YENİCEKAYA,SAMAN, HAZIR YEM,YOK,YOK,YOK,YOK,YOK
Selçuklu,BAŞARAKAVAK,ARPA, YONCA, HAZIR YEM,YOK,YOK,YOK,YOK
Selçuklu,SARAYKÖY,ARPA, SAMAN,YOK,YOK,YOK,YOK,YOK
Selçuklu,SULUTAS,ARPA, SAMAN, HAZIR YEM,YOK,YOK,YOK,YOK
Selçuklu,TATKÖY,YONCA, HAZIR YEM,YOK,YOK,YOK,YOK,YOK
Selçuklu,AKPINAR,HAZIR YEM,YOK,YOK,YOK,YOK,YOK,YOK
Selçuklu,BAĞRIKURT,ARPA, HAZIR YEM,YOK,YOK,YOK,YOK,YOK
Selçuklu,BİÇER,BUĞDAY, FİĞ, ARPA, HAZIR YEM,YOK,YOK,YOK
Selçuklu,ÇALDERE,ARPA, ÇAVDAR, YONCA, HAZIR YEM,YOK,YOK,YOK
Selçuklu,ÇALTI,ARPA, YONCA, SİLAJLIK MISIR, HAZIR YEM,YOK,YOK,YOK
Selçuklu,ÇANDIR,SAMAN, YONCA, SİLAJLIK MISIR, HAZIR YEM,YOK,YOK,YOK
Selçuklu,DAĞDERE,SAMAN, YONCA, HAZIR YEM,YOK,YOK,YOK,YOK
Selçuklu,EĞRİBAYAT,FİĞ, ARPA, YONCA,YOK,YOK,YOK,YOK
Selçuklu,GÜVENÇ,HAZIR YEM,YOK,YOK,YOK,YOK,YOK,YOK
Selçuklu,KALE,ARPA, HAZIR YEM,YOK,YOK,YOK,YOK,YOK
Selçuklu,KARAÖMERLER,BUĞDAY, ARPA, SİLAJLIK MISIR,YOK,YOK,YOK,YOK
Selçuklu,KERVAN,ARPA, SAMAN, HAZIR YEM,YOK,YOK,YOK,YOK
Selçuklu,KINIK,ARPA, SAMAN, HAZIR YEM,YOK,YOK,YOK,YOK
Selçuklu,KIZILCAKUYU,ARPA, HAZIR YEM,YOK,YOK,YOK,YOK,YOK
Selçuklu,MEYDAN,BUĞDAY, ARPA, SAMAN,YOK,YOK,YOK,YOK
Selçuklu,SELAHATTİN,BUĞDAY, FİĞ, KÜSPE, ARPA, SAMAN,YOK,YOK
Selçuklu,SIZMA,ARPA, SAMAN, SİLAJLIK MISIR, HAZIR YEM,YOK,YOK,YOK
Selçuklu,TEPEKENT,SAMAN, YONCA, SİLAJLIK MISIR, HAZIR YEM,YOK,YOK,YOK
Selçuklu,ULUMUHSİNE,KÜSPE, ARPA, HAZIR YEM,YOK,YOK,YOK,YOK
Selçuklu,YAZIBELEN,BUĞDAY, ARPA, YONCA, SİLAJLIK MISIR, HAZIR YEM,YOK,YOK
Selçuklu,SİLLE,HAZIR YEM,YOK,YOK,YOK,YOK,YOK,YOK
Selçuklu,ARDIÇLI,ARPA, HAZIR YEM,YOK,YOK,YOK,YOK,YOK
Selçuklu,AŞAĞIPINARBAŞI,KEPEK, ARPA, HAZIR YEM,YOK,YOK,YOK,YOK
Selçuklu,YUKARIPINARBAŞI,ARPA, SİLAJLIK MISIR, HAZIR YEM,YOK,YOK,YOK,YOK
Selçuklu,KÜÇÜKMUHSİNE,KÜSPE, KEPEK, ARPA, SAMAN, SİLAJLIK MISIR, HAZIR YEM,YOK
Selçuklu,SARICALAR,BUĞDAY, ARPA, SAMAN, YONCA, SİLAJLIK MISIR,YOK,YOK
Selçuklu,TÖMEK,KÜSPE, SAMAN, YONCA, HAZIR YEM,YOK,YOK,YOK
Selçuklu,YÜKSELEN,YULAF, KÜSPE, ARPA, SAMAN,YOK,YOK,YOK
Seydişehir,KESECİK,BUĞDAY, YULAF, ARPA,YOK,YOK,YOK,YOK
Seydişehir,AKÇALAR,SAMAN, YONCA, SİLAJLIK MISIR, HAZIR YEM,YOK,YOK,YOK
Seydişehir,AŞAĞIKARAÖREN,SAMAN, YONCA, SİLAJLIK MISIR, HAZIR YEM,YOK,YOK,YOK
Seydişehir,BAŞKARAÖREN,SAMAN, YONCA, SİLAJLIK MISIR, HAZIR YEM,YOK,YOK,YOK
Seydişehir,BOSTANDERE,FİĞ, KÜSPE, SİLAJLIK MISIR, HAZIR YEM,YOK,YOK,YOK
Seydişehir,BOYALI,ARPA, YONCA, SİLAJLIK MISIR,YOK,YOK,YOK,YOK
Seydişehir,BÜKÇE,YULAF, ARPA, SİLAJLIK MISIR, HAZIR YEM,YOK,YOK,YOK
Seydişehir,ÇAT,SAMAN, SİLAJLIK MISIR, HAZIR YEM,YOK,YOK,YOK,YOK
Seydişehir,ÇATMAKAYA,BUĞDAY, FİĞ, SAMAN, HAZIR YEM,YOK,YOK,YOK
Seydişehir,ÇAVUŞ,BUĞDAY, ARPA, SAMAN, HAZIR YEM,YOK,YOK,YOK
Seydişehir,DİKİLİTAŞ,YONCA, SİLAJLIK MISIR, HAZIR YEM,YOK,YOK,YOK,YOK
Seydişehir,GEVREKLİ,ARPA, YONCA, SİLAJLIK MISIR, HAZIR YEM,YOK,YOK,YOK
Seydişehir,GÖKÇEHÜYÜK,SAMAN, HAZIR YEM,YOK,YOK,YOK,YOK,YOK
Seydişehir,GÖKHÜYÜK,ARPA, YONCA, SİLAJLIK MISIR, HAZIR YEM,YOK,YOK,YOK
Seydişehir,GÖLYÜZÜ,FİĞ, KÜSPE, SAMAN,YOK,YOK,YOK,YOK
Seydişehir,IRMAKLI,ARPA, SİLAJLIK MISIR, HAZIR YEM,YOK,YOK,YOK,YOK
Seydişehir,İNCESU,KÜSPE, SAMAN, YONCA, HAZIR YEM,YOK,YOK,YOK
Seydişehir,KARABULAK,SİLAJLIK MISIR, HAZIR YEM,YOK,YOK,YOK,YOK,YOK
Seydişehir,KARACAÖREN,ARPA, HAZIR YEM,YOK,YOK,YOK,YOK,YOK
Seydişehir,KAVAK,BUĞDAY, ARPA, HAZIR YEM,YOK,YOK,YOK,YOK
Seydişehir,KETENLİ,FİĞ, ARPA, HAZIR YEM,YOK,YOK,YOK,YOK
Seydişehir,KIZILCA,BUĞDAY, ARPA, SİLAJLIK MISIR, HAZIR YEM,YOK,YOK,YOK
Seydişehir,KOZLU,FİĞ, HAZIR YEM,YOK,YOK,YOK,YOK,YOK
Seydişehir,KUMLUCA,FİĞ, SİLAJLIK MISIR, HAZIR YEM,YOK,YOK,YOK,YOK
Seydişehir,KURAN,KÜSPE, SİLAJLIK MISIR, HAZIR YEM,YOK,YOK,YOK,YOK
Seydişehir,MADENLİ,SAMAN, YONCA, HAZIR YEM,YOK,YOK,YOK,YOK
Seydişehir,MESUDİYE,BUĞDAY, HAZIR YEM,YOK,YOK,YOK,YOK,YOK
Seydişehir,MURADİYE,YONCA, SİLAJLIK MISIR,YOK,YOK,YOK,YOK,YOK
Seydişehir,OĞLAKÇI,KÜSPE, HAZIR YEM,YOK,YOK,YOK,YOK,YOK
Seydişehir,ORTAKARAÖREN,BUĞDAY, ARPA, HAZIR YEM,YOK,YOK,YOK,YOK
Seydişehir,SARAYCIK,BUĞDAY, SAMAN, HAZIR YEM,YOK,YOK,YOK,YOK
Seydişehir,SUSUZ,FİĞ, ARPA, HAZIR YEM,YOK,YOK,YOK,YOK
Seydişehir,TARAŞÇI,KÜSPE, SAMAN, SİLAJLIK MISIR, HAZIR YEM,YOK,YOK,YOK
Seydişehir,TAŞAĞIL,BUĞDAY, YONCA, HAZIR YEM,YOK,YOK,YOK,YOK
Seydişehir,TEPECİK,KÜSPE, ÇAVDAR, SAMAN, SİLAJLIK MISIR, HAZIR YEM,YOK,YOK
Seydişehir,TOL,YULAF, FİĞ, ARPA, ÇAVDAR,YOK,YOK,YOK
Seydişehir,UFACIK,FİĞ, ARPA, SAMAN, SİLAJLIK MISIR, HAZIR YEM,YOK,YOK
Seydişehir,YAYLACIK,HAZIR YEM,YOK,YOK,YOK,YOK,YOK,YOK
Seydişehir,YENİCE,FİĞ, SAMAN, HAZIR YEM,YOK,YOK,YOK,YOK
Taşkent,AFŞAR,ARPA, SAMAN, HAZIR YEM,YOK,YOK,YOK,YOK
Taşkent,BALCILAR,ARPA, SAMAN,YOK,YOK,YOK,YOK,YOK
Taşkent,BOLAY,KÜSPE, ARPA, SAMAN,YOK,YOK,YOK,YOK
Taşkent,ÇETMİ,SAMAN, HAZIR YEM,YOK,YOK,YOK,YOK,YOK
Taşkent,KECİMEN,HAZIR YEM,YOK,YOK,YOK,YOK,YOK,YOK
Taşkent,KONGUL,SAMAN, HAZIR YEM,YOK,YOK,YOK,YOK,YOK
Taşkent,SAZAK,SAMAN, HAZIR YEM,YOK,YOK,YOK,YOK,YOK
Taşkent,ILICAPINAR,YOK,YOK,YOK,YOK,YOK,YOK,YOK
Tuzlukçu,KONARI,KÜSPE, ARPA, SİLAJLIK MISIR, HAZIR YEM,YOK,YOK,YOK
Tuzlukçu,MEVLÜTLÜ,KÜSPE, ARPA, SİLAJLIK MISIR, HAZIR YEM,YOK,YOK,YOK
Tuzlukçu,KORAŞI,BUĞDAY, ARPA, HAZIR YEM,YOK,YOK,YOK,YOK
Tuzlukçu,ÇÖĞÜRLÜ,FİĞ, ARPA, SAMAN, HAZIR YEM,YOK,YOK,YOK
Tuzlukçu,TURSUNLU,YULAF, FİĞ, YONCA, SİLAJLIK MISIR, HAZIR YEM,YOK,YOK
Tuzlukçu,KUNDULLU,FİĞ, ARPA,YOK,YOK,YOK,YOK,YOK
Tuzlukçu,PAZARKAYA,ARPA, SAMAN, SİLAJLIK MISIR, HAZIR YEM,YOK,YOK,YOK
Tuzlukçu,SUBATAN,KÜSPE, ARPA, SAMAN, SİLAJLIK MISIR,YOK,YOK,YOK
Tuzlukçu,GÜRSU,ARPA, HAZIR YEM,YOK,YOK,YOK,YOK,YOK
Tuzlukçu,ERDOĞDU,ARPA, SAMAN, SİLAJLIK MISIR,YOK,YOK,YOK,YOK
Tuzlukçu,KÖKLÜCE,YULAF, ARPA, HAZIR YEM,YOK,YOK,YOK,YOK
Yalıhüyük,SARAY,BUĞDAY, ARPA, HAZIR YEM,YOK,YOK,YOK,YOK
Yalıhüyük,ARASÖĞÜT,FİĞ, ARPA, HAZIR YEM,YOK,YOK,YOK,YOK
Yunak,KUZÖREN,YULAF, ARPA, HAZIR YEM,YOK,YOK,YOK,YOK
Yunak,KOÇYAZI,ARPA, YONCA, SİLAJLIK MISIR, HAZIR YEM,YOK,YOK,YOK
Yunak,TURGUT,BUĞDAY, YULAF, ARPA,YOK,YOK,YOK,YOK
Yunak,PİRİBEYLİ,BUĞDAY, ARPA, SAMAN, HAZIR YEM,YOK,YOK,YOK
Yunak,SÜLÜKLÜ,HAZIR YEM,YOK,YOK,YOK,YOK,YOK,YOK
Yunak,ALTINÖZ,ARPA, SAMAN, YONCA, SİLAJLIK MISIR,YOK,YOK,YOK
Yunak,AYRITEPE,KÜSPE, ARPA, SAMAN, HAZIR YEM,YOK,YOK,YOK
Yunak,BEŞIŞIKLI,BUĞDAY, FİĞ, ARPA, YONCA,YOK,YOK,YOK
Yunak,CEBRAİL,KÜSPE, KEPEK, SAMAN, YONCA, SİLAJLIK MISIR, HAZIR YEM,YOK
Yunak,ÇAYIRBAŞI,BUĞDAY, ARPA, YONCA, SİLAJLIK MISIR,YOK,YOK,YOK
Yunak,EĞRİKUYU,ARPA, YONCA, SİLAJLIK MISIR,YOK,YOK,YOK,YOK
Yunak,HACIÖMEROĞLU,SAMAN, YONCA, HAZIR YEM,YOK,YOK,YOK,YOK
Yunak,HATIRLI,SAMAN, YONCA, HAZIR YEM,YOK,YOK,YOK,YOK
Yunak,HACIFAKILI,KÜSPE, ARPA, HAZIR YEM,YOK,YOK,YOK,YOK
Yunak,HARUNLAR,KÜSPE, ARPA, SAMAN, HAZIR YEM,YOK,YOK,YOK
Yunak,HURSUNLU,BUĞDAY, KÜSPE, ARPA, SAMAN, HAZIR YEM,YOK,YOK
Yunak,İMAMOĞLU,KÜSPE, ARPA, SİLAJLIK MISIR, HAZIR YEM,YOK,YOK,YOK
Yunak,KARGALI,BUĞDAY, KÜSPE, ARPA, SAMAN, HAZIR YEM,YOK,YOK
Yunak,KARAYAYLA,BUĞDAY, KÜSPE, ARPA, YONCA, SİLAJLIK MISIR, HAZIR YEM,YOK
Yunak,KILLAR,FİĞ, ARPA, SAMAN, YONCA, SİLAJLIK MISIR,YOK,YOK
Yunak,KURTUŞAĞI,BUĞDAY, KÜSPE, ARPA, SAMAN, YONCA, SİLAJLIK MISIR, HAZIR YEM
Yunak,KUYUBAŞI,KÜSPE, ARPA, SAMAN, HAZIR YEM,YOK,YOK,YOK
Yunak,MEŞELİK,SAMAN, SİLAJLIK MISIR, HAZIR YEM,YOK,YOK,YOK,YOK
Yunak,ODABAŞI,FİĞ, KÜSPE, SAMAN, YONCA, SİLAJLIK MISIR, HAZIR YEM,YOK
Yunak,ORTAKIŞLA,BUĞDAY, ARPA, SAMAN, HAZIR YEM,YOK,YOK,YOK
Yunak,ÖZYAYLA,ARPA, YONCA, HAZIR YEM,YOK,YOK,YOK,YOK
Yunak,SERTLER,ARPA, SAMAN, YONCA, SİLAJLIK MISIR, HAZIR YEM,YOK,YOK
Yunak,SEVİNÇ,ARPA, ÇAVDAR, SAMAN, YONCA, HAZIR YEM,YOK,YOK
Yunak,SIRAM,BUĞDAY, ARPA, SAMAN, HAZIR YEM,YOK,YOK,YOK
Yunak,SİNANLI,ARPA, SAMAN, HAZIR YEM,YOK,YOK,YOK,YOK
Yunak,YAVAŞLI,SAMAN, YONCA, HAZIR YEM,YOK,YOK,YOK,YOK
Yunak,YEŞİLOBA,YULAF, ARPA, SİLAJLIK MISIR, HAZIR YEM,YOK,YOK,YOK
Yunak,YEŞİLYAYLA,BUĞDAY, KÜSPE, ARPA, SAMAN, HAZIR YEM,YOK,YOK
Yunak,YIĞAR,BUĞDAY, FİĞ, SAMAN, YONCA, SİLAJLIK MISIR,YOK,YOK
Yunak,SARAY,FİĞ, SİLAJLIK MISIR,YOK,YOK,YOK,YOK,YOK
